aX,aY,aZ,gX,gY,gZ
-1.793,-0.004,1.146,24.231,-74.280,-23.437
-1.910,-0.171,1.269,25.940,-90.088,-40.039
-2.010,-0.363,1.379,16.602,-102.478,-49.011
-2.087,-0.511,1.422,-1.404,-110.168,-53.467
-2.147,-0.555,1.399,-20.935,-110.779,-57.495
-2.166,-0.517,1.333,-33.630,-103.088,-57.800
-2.183,-0.460,1.246,-35.278,-86.365,-50.476
-2.179,-0.406,1.167,-25.940,-62.073,-36.682
-2.151,-0.299,1.076,-7.812,-32.104,-22.339
-2.067,-0.182,0.958,16.174,1.099,-5.249
-1.925,-0.132,0.805,42.603,36.865,15.991
-1.772,-0.110,0.648,67.444,73.792,38.086
-1.599,-0.153,0.525,86.487,109.253,56.030
-1.360,-0.177,0.453,95.154,139.404,67.322
-1.080,-0.152,0.434,92.957,157.532,71.106
-0.840,-0.126,0.455,81.848,160.583,65.247
-0.584,-0.071,0.501,63.538,148.926,59.204
-0.356,-0.070,0.583,41.809,126.221,51.575
-0.221,-0.080,0.652,17.395,97.473,44.922
-0.180,-0.019,0.719,-6.775,68.848,40.771
-0.158,0.085,0.745,-25.574,48.889,37.842
-0.092,0.154,0.755,-34.302,39.001,36.621
-0.060,0.194,0.770,-31.982,37.964,34.363
-0.030,0.175,0.774,-22.034,44.617,29.968
0.001,0.102,0.786,-11.292,54.688,24.658
0.082,0.051,0.804,-2.441,63.049,18.250
0.223,0.055,0.778,5.127,66.162,9.521
0.443,0.017,0.731,14.221,64.941,-1.709
0.653,-0.037,0.720,22.461,58.899,-10.071
0.821,-0.045,0.742,26.917,47.546,-13.855
0.965,-0.043,0.788,27.649,29.297,-15.564
1.015,-0.063,0.842,24.170,5.798,-12.817
0.980,-0.053,0.878,16.479,-18.982,-7.080
0.910,-0.012,0.894,8.179,-42.419,-5.920
0.818,0.023,0.921,2.808,-60.547,-8.789
0.757,0.032,0.965,0.854,-72.693,-13.672
0.745,0.045,1.005,1.099,-79.590,-19.165
0.742,0.023,1.043,2.563,-83.191,-25.146
0.734,0.024,1.061,3.723,-84.106,-29.358
0.657,0.016,1.065,4.883,-82.886,-29.297
0.545,0.001,1.067,7.324,-76.843,-28.015
0.479,-0.010,1.068,10.254,-64.514,-27.649
0.403,-0.054,1.058,13.306,-48.706,-27.161
0.366,-0.085,1.050,16.052,-30.029,-28.259
0.331,-0.113,1.045,17.639,-11.597,-26.733
0.299,-0.161,1.037,17.883,4.822,-24.170
0.290,-0.204,1.042,16.113,18.799,-22.339
0.300,-0.231,1.050,11.963,28.198,-21.729
0.316,-0.220,1.052,5.554,32.837,-22.461
0.304,-0.195,1.056,-1.404,33.020,-22.278
0.290,-0.174,1.075,-6.836,30.334,-21.912
0.267,-0.177,1.086,-11.658,26.184,-20.203
0.235,-0.184,1.098,-16.235,22.339,-16.602
0.219,-0.139,1.099,-20.874,20.691,-10.010
0.195,-0.025,1.097,-23.499,20.020,-2.380
0.167,0.039,1.089,-21.667,19.897,-0.244
0.158,0.036,1.084,-15.564,20.020,-1.770
0.167,0.043,1.085,-7.385,19.409,-2.441
0.163,0.039,1.087,1.465,15.869,-1.465
0.146,0.007,1.092,9.521,10.132,-1.282
0.102,-0.039,1.110,15.808,4.517,-1.648
0.089,-0.073,1.094,18.433,4.517,-1.770
0.112,-0.100,1.073,18.433,6.165,-3.174
0.105,-0.108,1.053,16.785,8.057,-4.333
0.097,-0.117,1.042,14.648,9.033,-4.944
0.093,-0.123,1.036,12.268,9.094,-5.005
0.059,-0.136,1.036,9.338,8.423,-5.249
0.036,-0.186,1.035,5.981,8.972,-5.676
0.036,-0.169,1.028,1.282,9.705,-12.268
0.056,-0.158,1.018,-3.906,10.254,-10.132
0.040,-0.128,1.008,-7.019,10.376,-7.385
0.046,-0.094,1.002,-7.690,10.986,-4.944
0.053,-0.085,1.000,-5.981,10.925,-2.441
0.054,-0.086,0.999,-3.113,10.071,0.488
0.056,-0.101,0.998,-0.916,9.094,4.578
0.047,-0.109,0.996,0.183,7.629,9.277
0.048,-0.095,0.991,0.488,6.836,12.939
0.053,-0.086,0.986,0.977,5.981,14.893
0.037,-0.086,0.990,1.831,5.249,15.991
0.045,-0.087,0.993,2.319,5.432,17.334
0.049,-0.078,0.993,2.014,5.310,17.456
0.040,-0.064,0.991,1.709,4.944,16.296
0.036,-0.074,0.993,2.014,4.944,14.526
0.033,-0.096,0.993,1.709,4.944,12.268
0.030,-0.098,0.991,-0.061,5.310,9.766
0.036,-0.089,0.985,-1.770,5.798,7.629
0.041,-0.066,0.977,-2.930,6.409,5.615
0.050,-0.055,0.972,-2.075,6.958,4.028
0.054,-0.049,0.973,-0.610,7.080,3.174
0.055,-0.047,0.976,1.038,6.592,2.625
0.056,-0.058,0.980,2.686,5.432,2.808
0.056,-0.075,0.984,3.906,4.089,2.991
0.054,-0.084,0.989,3.967,2.441,2.747
0.048,-0.078,0.994,3.418,1.038,2.625
0.043,-0.075,0.996,3.113,0.122,2.441
0.039,-0.086,1.000,3.540,0.122,2.136
0.036,-0.100,1.001,2.991,0.793,1.831
0.042,-0.109,1.002,1.587,1.465,1.343
0.048,-0.101,1.001,-0.305,2.136,0.671
0.051,-0.085,1.003,-1.343,2.502,0.244
0.051,-0.078,1.005,-1.526,2.441,-0.122
0.049,-0.083,1.009,-1.221,2.136,-0.427
0.044,-0.085,1.012,-0.793,1.648,-0.549
0.039,-0.083,1.012,-0.549,1.526,-0.610
0.036,-0.092,1.013,-0.122,1.831,-0.427
0.034,-0.096,1.012,0.305,2.441,-0.305
0.038,-0.100,1.012,0.366,3.235,-0.305
0.043,-0.102,1.005,0.366,4.150,-0.244
0.045,-0.103,1.001,0.427,4.639,0.122
0.042,-0.097,1.000,0.427,4.333,0.122
0.044,-0.110,0.999,0.610,4.089,0.061
0.044,-0.120,0.994,0.610,3.784,0.854
0.048,-0.110,0.992,0.183,3.540,1.587
0.057,-0.097,0.985,0.305,3.296,1.465
0.066,-0.091,0.981,1.282,2.747,1.465
0.067,-0.087,0.979,2.197,1.953,1.282
0.065,-0.084,0.981,3.235,1.282,1.038
0.065,-0.091,0.982,3.723,1.038,1.099
0.063,-0.094,0.981,3.784,0.671,1.099

-1.302,-0.347,1.080,28.442,-34.607,-20.142
-1.377,-0.454,1.123,27.466,-47.607,-23.315
-1.456,-0.572,1.171,20.020,-53.650,-22.156
-1.546,-0.687,1.216,6.531,-53.955,-16.418
-1.627,-0.757,1.244,-10.620,-49.072,-10.620
-1.651,-0.720,1.243,-29.297,-40.710,-7.324
-1.652,-0.652,1.208,-44.495,-29.846,-5.554
-1.669,-0.528,1.150,-53.223,-15.747,-3.418
-1.656,-0.377,1.078,-52.612,0.183,1.282
-1.610,-0.243,1.008,-40.527,17.639,6.165
-1.557,-0.157,0.929,-18.250,34.119,13.916
-1.520,-0.102,0.857,10.376,48.584,22.522
-1.471,-0.123,0.811,41.199,61.096,30.945
-1.390,-0.248,0.799,65.674,70.984,39.734
-1.248,-0.361,0.801,73.364,75.867,49.377
-1.091,-0.396,0.793,61.584,76.721,54.199
-0.911,-0.371,0.777,37.048,74.097,49.927
-0.703,-0.297,0.741,7.019,68.481,40.527
-0.469,-0.145,0.703,-21.484,60.547,32.104
-0.221,0.038,0.727,-40.222,50.720,22.583
-0.008,0.205,0.766,-45.776,38.635,14.771
0.125,0.293,0.795,-38.818,26.733,12.085
0.207,0.360,0.876,-22.278,16.602,12.573
0.255,0.388,0.921,-0.305,8.179,14.099
0.411,0.326,0.937,22.034,2.563,17.090
0.483,0.223,0.964,41.626,-0.610,23.071
0.511,0.038,0.986,53.406,-0.549,25.818
0.501,-0.076,0.998,52.795,3.174,23.682
0.504,-0.154,0.992,42.114,10.681,17.639
0.539,-0.161,0.979,26.917,20.386,10.681
0.595,-0.081,0.997,12.573,29.297,-0.854
0.619,-0.052,1.004,2.869,34.424,8.911
0.628,0.007,1.014,-0.671,34.119,2.563
0.770,0.037,1.008,-0.916,31.616,-16.296
0.827,0.083,0.995,-0.122,27.466,-25.146
0.791,0.049,0.980,0.000,23.376,-29.419
0.730,0.030,0.967,-0.671,22.827,-34.851
0.688,0.048,0.955,-0.366,25.940,-39.673
0.639,0.016,0.952,2.930,30.884,-41.870
0.570,-0.030,0.951,6.958,36.499,-41.870
0.548,-0.078,0.946,10.376,41.321,-41.504
0.557,-0.139,0.927,12.451,44.922,-42.175
0.578,-0.199,0.910,12.207,46.204,-41.138
0.573,-0.234,0.899,8.667,44.983,-38.879
0.526,-0.235,0.888,3.113,41.626,-35.950
0.484,-0.214,0.881,-1.831,37.292,-33.203
0.451,-0.173,0.881,-3.906,32.898,-29.968
0.405,-0.155,0.886,-2.747,29.053,-26.245
0.362,-0.138,0.896,0.732,26.489,-21.484
0.335,-0.093,0.895,5.920,26.306,-15.442
0.321,-0.081,0.899,14.038,28.137,-10.681
0.330,-0.098,0.910,24.719,30.640,-11.841
0.354,-0.176,0.926,33.325,31.616,-8.301
0.326,-0.265,0.949,35.278,30.701,-4.944
0.310,-0.297,0.971,29.602,27.466,-4.761
0.310,-0.272,0.989,20.203,22.705,-5.127
0.288,-0.240,1.000,11.475,16.907,-5.371
0.261,-0.222,1.004,5.371,11.536,-5.615
0.250,-0.210,1.002,1.831,7.629,-6.470
0.244,-0.203,1.000,0.305,5.493,-7.324
0.238,-0.189,0.995,-0.244,5.005,-6.836
0.234,-0.190,0.993,1.038,5.798,-6.653
0.240,-0.224,0.993,3.723,6.836,-6.348
0.246,-0.260,0.989,4.761,7.080,-5.676
0.247,-0.270,0.980,4.395,6.348,-5.127
0.245,-0.275,0.969,3.479,4.944,-4.822
0.234,-0.293,0.960,2.075,3.784,-3.845
0.227,-0.303,0.957,-0.427,2.930,-2.136
0.217,-0.303,0.957,-4.028,2.258,-1.099
0.203,-0.273,0.957,-7.568,0.916,0.366
0.187,-0.245,0.958,-9.644,-0.610,1.099
0.180,-0.222,0.962,-10.498,-2.014,1.282
0.177,-0.201,0.962,-10.254,-3.235,2.502
0.164,-0.170,0.966,-9.338,-4.150,4.395
0.147,-0.156,0.968,-6.897,-4.517,6.470
0.137,-0.168,0.971,-3.235,-4.822,8.118
0.129,-0.207,0.974,-0.427,-4.517,9.399
0.120,-0.235,0.977,-0.244,-3.967,10.071
0.114,-0.237,0.975,-2.380,-3.479,9.827
0.113,-0.227,0.977,-5.310,-2.808,8.972
0.107,-0.212,0.985,-8.179,-2.136,7.874
0.107,-0.193,0.990,-10.498,-1.526,6.714
0.099,-0.174,0.993,-11.963,-0.977,5.737
0.087,-0.158,0.995,-12.207,0.244,5.188
0.092,-0.156,0.986,-10.742,2.258,5.493
0.098,-0.147,0.981,-8.301,5.493,6.531
0.110,-0.145,0.972,-5.005,9.094,7.324
0.120,-0.151,0.965,-1.465,11.841,8.057
0.121,-0.161,0.965,1.038,13.184,8.240
0.127,-0.176,0.966,2.502,13.245,7.690
0.137,-0.182,0.965,2.625,12.024,6.653
0.142,-0.179,0.964,2.258,9.644,5.249
0.136,-0.173,0.964,1.953,6.836,3.845
0.133,-0.168,0.962,2.502,4.395,3.052
0.139,-0.162,0.958,3.540,2.686,2.808
0.138,-0.150,0.957,5.066,1.953,3.296
0.136,-0.149,0.957,7.080,1.770,3.967
0.136,-0.171,0.958,9.399,2.197,4.272
0.142,-0.187,0.961,10.376,2.747,3.845
0.152,-0.193,0.965,9.705,3.174,3.113
0.157,-0.193,0.966,8.240,2.686,2.136
0.156,-0.192,0.966,6.348,2.075,1.648
0.158,-0.189,0.967,4.822,1.709,1.343
0.163,-0.177,0.967,3.784,1.648,0.793
0.164,-0.172,0.969,3.235,1.526,0.366
0.158,-0.186,0.974,3.235,1.404,0.610
0.149,-0.201,0.979,2.747,1.160,1.038
0.149,-0.199,0.983,1.343,0.732,1.038
0.147,-0.184,0.982,-0.183,0.305,0.916
0.145,-0.164,0.982,-0.366,0.305,0.977
0.146,-0.154,0.982,0.977,0.305,0.488
0.155,-0.162,0.982,2.930,0.854,0.000
0.159,-0.171,0.986,4.028,1.282,0.122
0.159,-0.176,0.989,4.150,1.587,0.244
0.156,-0.174,0.989,3.906,1.709,-0.244
0.157,-0.179,0.988,3.235,1.831,-0.793
0.155,-0.194,0.986,2.563,2.197,-0.977
0.148,-0.201,0.984,1.038,2.380,-1.160
0.146,-0.197,0.982,-0.916,2.258,-1.648

-1.358,-0.479,1.149,116.699,-50.720,-65.613
-1.349,-0.831,1.259,110.107,-59.753,-48.279
-1.289,-0.984,1.346,85.754,-68.420,-40.894
-1.276,-1.030,1.388,51.575,-74.463,-37.231
-1.299,-1.004,1.383,16.602,-75.439,-26.489
-1.359,-0.976,1.362,-11.108,-69.031,-10.376
-1.372,-0.877,1.330,-30.457,-56.030,1.465
-1.354,-0.672,1.290,-41.321,-38.696,13.733
-1.336,-0.465,1.261,-40.344,-20.203,26.489
-1.326,-0.320,1.252,-28.870,-3.174,35.767
-1.280,-0.216,1.250,-14.221,11.108,41.687
-1.251,-0.132,1.249,-1.648,21.301,45.593
-1.214,-0.098,1.243,7.263,27.466,48.950
-1.158,-0.058,1.216,11.108,30.823,49.866
-1.054,-0.006,1.176,10.986,32.654,47.607
-0.939,0.035,1.114,10.742,31.921,44.006
-0.828,0.074,1.034,13.489,30.090,41.687
-0.696,0.054,0.971,21.301,29.541,39.795
-0.554,0.023,0.942,30.762,29.785,39.001
-0.406,0.005,0.925,37.842,30.762,39.001
-0.294,-0.020,0.912,41.870,31.433,40.466
-0.224,-0.052,0.912,43.091,31.921,42.480
-0.185,-0.082,0.915,41.870,31.372,43.152
-0.135,-0.106,0.895,39.612,30.396,41.504
-0.022,-0.086,0.875,36.255,30.334,37.415
0.066,-0.028,0.872,33.936,29.602,31.067
0.144,0.010,0.886,34.973,26.978,23.682
0.239,0.005,0.897,37.415,22.217,17.273
0.318,-0.018,0.910,37.781,15.137,11.902
0.363,-0.049,0.911,35.217,7.202,9.094
0.383,-0.035,0.911,29.297,-0.122,7.874
0.388,0.002,0.919,22.644,-5.737,6.409
0.372,0.034,0.925,18.005,-8.362,3.479
0.362,0.035,0.926,15.869,-6.531,-1.221
0.376,-0.011,0.930,13.123,-1.709,-6.042
0.424,-0.044,0.929,7.751,4.883,-10.132
0.470,-0.010,0.912,1.465,11.902,-13.550
0.499,0.009,0.898,-2.197,19.043,-17.822
0.525,0.003,0.899,-2.930,25.696,-22.278
0.548,0.029,0.893,-2.502,30.823,-26.123
0.538,0.015,0.893,0.000,34.973,-31.799
0.542,-0.047,0.891,2.502,39.429,-35.828
0.568,-0.094,0.887,0.671,44.495,-36.926
0.590,-0.086,0.878,-4.150,49.316,-39.246
0.568,-0.071,0.871,-8.667,52.429,-37.476
0.542,-0.065,0.870,-10.498,54.260,-34.973
0.547,-0.049,0.882,-9.460,55.176,-34.302
0.585,-0.054,0.893,-5.981,54.443,-35.278
0.604,-0.072,0.906,-1.526,51.575,-35.461
0.601,-0.124,0.919,3.113,47.607,-34.119
0.564,-0.176,0.935,5.554,43.457,-31.372
0.510,-0.233,0.945,5.493,40.039,-28.564
0.464,-0.254,0.952,3.418,37.903,-26.306
0.424,-0.245,0.956,0.366,37.170,-24.902
0.390,-0.253,0.969,-1.648,37.231,-23.743
0.362,-0.275,0.982,-4.150,37.231,-21.912
0.346,-0.268,0.985,-7.751,37.598,-20.569
0.339,-0.219,0.981,-10.925,37.659,-21.301
0.347,-0.179,0.975,-11.353,37.598,-23.071
0.355,-0.143,0.975,-9.094,37.109,-23.315
0.376,-0.106,0.972,-4.578,34.729,-22.461
0.370,-0.097,0.972,1.099,30.579,-19.409
0.350,-0.126,0.967,7.751,25.208,-14.709
0.330,-0.155,0.968,13.672,18.921,-15.747
0.317,-0.215,0.969,16.907,12.695,-11.292
0.275,-0.257,0.968,16.418,7.874,-6.226
0.249,-0.254,0.967,13.184,4.517,-3.662
0.228,-0.257,0.973,10.193,3.540,-3.662
0.227,-0.243,0.979,7.446,4.150,-3.113
0.217,-0.234,0.985,5.066,5.798,1.038
0.214,-0.218,0.988,4.333,7.385,2.869
0.224,-0.209,0.987,4.761,8.545,4.028
0.235,-0.212,0.980,5.432,8.728,5.127
0.242,-0.217,0.974,5.859,8.240,5.432
0.239,-0.219,0.971,5.371,6.958,5.371
0.237,-0.226,0.973,4.028,5.127,5.554
0.221,-0.228,0.982,2.380,2.930,5.737
0.204,-0.221,0.989,0.549,1.221,5.493
0.192,-0.202,0.992,-0.671,0.488,5.005
0.183,-0.189,0.996,-1.038,0.916,4.395
0.182,-0.193,0.996,-0.610,1.709,4.150
0.182,-0.180,0.992,-0.183,3.052,3.662
0.191,-0.189,0.986,0.305,3.967,2.747
0.190,-0.201,0.981,0.427,4.395,2.441
0.192,-0.211,0.972,-0.183,4.578,2.747
0.198,-0.218,0.969,-1.221,4.639,2.319
0.202,-0.224,0.968,-2.502,4.517,1.831
0.203,-0.214,0.967,-4.456,4.089,1.587
0.204,-0.195,0.963,-5.310,3.418,1.038
0.208,-0.182,0.960,-4.761,2.441,0.916
0.203,-0.172,0.955,-3.418,1.831,1.648
0.200,-0.174,0.955,-1.526,1.587,1.953
0.202,-0.191,0.956,0.305,1.587,1.770
0.202,-0.194,0.963,0.854,1.770,1.953
0.204,-0.189,0.967,0.366,1.831,2.258
0.204,-0.185,0.969,0.183,1.648,2.197
0.196,-0.187,0.969,-0.061,1.343,1.343
0.191,-0.191,0.969,-0.305,0.916,0.366
0.194,-0.196,0.962,-1.038,0.732,-0.732
0.196,-0.191,0.958,-1.709,0.671,-1.221
0.196,-0.183,0.954,-2.441,0.610,-1.526
0.196,-0.168,0.951,-2.197,0.977,-1.770
0.201,-0.159,0.950,-1.465,1.160,-2.075
0.200,-0.155,0.950,-0.061,1.160,-2.380
0.202,-0.169,0.951,1.221,1.038,-2.869
0.208,-0.177,0.950,1.404,0.854,-2.869
0.211,-0.175,0.945,0.793,0.366,-2.747
0.209,-0.174,0.942,0.183,0.000,-2.563
0.205,-0.173,0.938,0.122,-0.610,-2.258
0.199,-0.182,0.940,0.610,-1.038,-2.380
0.197,-0.191,0.943,0.671,-1.465,-2.502
0.195,-0.191,0.942,0.183,-1.221,-2.380
0.193,-0.186,0.942,-0.488,-0.916,-2.319
0.192,-0.180,0.943,-0.366,-0.610,-2.502
0.196,-0.181,0.943,0.183,-0.183,-2.869
0.193,-0.184,0.946,0.671,-0.183,-3.601
0.194,-0.198,0.949,0.854,-0.366,-4.028
0.194,-0.205,0.952,0.305,-0.610,-4.089
0.188,-0.199,0.956,-0.488,-1.221,-3.967

-1.613,-0.313,1.236,18.372,-30.334,-13.000
-1.630,-0.453,1.373,19.775,-50.781,-13.855
-1.692,-0.520,1.452,16.418,-72.998,-19.897
-1.745,-0.663,1.471,9.338,-89.661,-29.419
-1.729,-0.537,1.431,-1.770,-93.750,-37.903
-1.760,-0.505,1.335,-11.658,-81.604,-18.616
-1.770,-0.415,1.219,-14.954,-57.129,3.601
-1.743,-0.286,1.106,-9.094,-25.818,17.578
-1.569,-0.045,1.011,7.324,6.531,20.691
-1.416,0.125,0.936,33.081,33.447,29.358
-1.307,0.148,0.886,65.125,52.795,39.856
-1.191,0.076,0.848,92.590,63.660,47.607
-1.073,-0.049,0.829,107.666,67.505,51.575
-0.985,-0.140,0.824,107.666,66.345,53.162
-0.914,-0.238,0.819,94.666,61.890,55.115
-0.861,-0.323,0.830,72.266,55.359,52.795
-0.767,-0.330,0.850,44.739,47.485,46.082
-0.613,-0.261,0.867,16.907,38.513,37.231
-0.500,-0.152,0.874,-4.272,28.381,30.884
-0.430,-0.082,0.873,-15.747,20.874,28.992
-0.366,-0.073,0.869,-17.944,18.005,29.053
-0.341,-0.127,0.869,-13.977,19.470,28.748
-0.309,-0.219,0.854,-7.935,23.987,27.649
-0.220,-0.279,0.831,-4.395,31.189,26.001
-0.104,-0.277,0.803,-4.822,38.574,23.865
-0.005,-0.257,0.797,-7.019,43.518,20.325
0.093,-0.258,0.821,-10.376,45.105,15.137
0.201,-0.229,0.866,-16.724,41.565,9.277
0.299,-0.239,0.906,-24.292,32.288,0.854
0.352,-0.221,0.918,-33.752,19.531,-6.165
0.397,-0.109,0.926,-43.518,6.653,-11.597
0.455,0.017,0.919,-48.340,-3.052,-14.771
0.467,0.130,0.908,-45.227,-7.080,-14.465
0.504,0.195,0.886,-34.180,-4.395,-12.939
0.562,0.177,0.880,-16.907,2.136,-12.085
0.609,0.098,0.885,2.014,11.658,-12.756
0.671,-0.021,0.896,16.479,21.545,-14.709
0.715,-0.153,0.913,23.437,27.771,-17.395
0.680,-0.225,0.932,22.461,29.541,-19.409
0.685,-0.223,0.954,17.212,28.442,-24.414
0.703,-0.192,0.972,11.047,26.428,-31.067
0.698,-0.168,0.979,5.859,24.353,-33.752
0.661,-0.142,0.982,1.953,22.827,-32.104
0.662,-0.122,0.975,0.732,23.804,-28.748
0.651,-0.112,0.962,2.686,26.367,-25.452
0.640,-0.115,0.955,7.141,29.846,-23.621
0.636,-0.158,0.957,12.024,33.203,-21.545
0.623,-0.182,0.960,15.320,35.339,-20.264
0.610,-0.193,0.965,17.334,35.767,-20.752
0.582,-0.210,0.976,18.005,34.973,-20.874
0.557,-0.235,0.990,16.602,33.508,-19.714
0.522,-0.247,1.000,13.428,31.921,-17.883
0.490,-0.245,1.005,9.399,30.640,-16.296
0.464,-0.259,1.007,6.104,29.663,-15.076
0.441,-0.251,1.003,3.174,27.832,-14.526
0.413,-0.251,1.008,1.099,25.208,-15.442
0.384,-0.266,1.015,0.000,22.461,-16.296
0.364,-0.256,1.012,-1.160,20.813,-16.541
0.363,-0.240,1.006,-1.587,19.775,-18.372
0.350,-0.229,1.003,-0.732,18.250,-19.714
0.348,-0.229,0.998,1.465,16.846,-19.775
0.341,-0.219,0.988,3.296,15.320,-18.005
0.333,-0.212,0.976,5.249,13.977,-15.015
0.315,-0.230,0.972,7.507,12.817,-11.963
0.298,-0.256,0.966,8.484,11.108,-8.362
0.260,-0.279,0.961,7.996,9.521,-7.935
0.273,-0.246,0.957,6.470,8.911,-12.085
0.260,-0.251,0.953,4.822,8.240,-5.981
0.232,-0.252,0.957,4.028,7.568,-2.686
0.227,-0.269,0.964,3.662,6.470,-1.404
0.208,-0.281,0.968,2.747,4.700,0.977
0.185,-0.282,0.965,1.404,2.869,4.211
0.176,-0.280,0.965,0.488,1.709,6.775
0.170,-0.275,0.959,-0.305,1.221,9.155
0.163,-0.271,0.960,-0.610,1.404,11.230
0.165,-0.270,0.960,-0.916,1.587,12.146
0.156,-0.256,0.960,-1.038,1.526,13.245
0.159,-0.236,0.958,-0.977,1.282,14.343
0.155,-0.217,0.956,-0.183,0.854,13.916
0.152,-0.211,0.952,1.160,0.427,12.939
0.169,-0.217,0.950,2.625,-0.061,12.268
0.160,-0.215,0.948,2.808,-0.488,12.268
0.151,-0.215,0.945,2.686,-1.099,12.451
0.157,-0.210,0.942,2.686,-1.648,11.780
0.161,-0.204,0.938,2.502,-2.563,10.376
0.163,-0.194,0.946,1.953,-3.479,8.972
0.159,-0.192,0.954,1.465,-4.211,8.057
0.145,-0.185,0.959,1.038,-4.944,7.690
0.139,-0.176,0.961,0.854,-4.822,7.019
0.144,-0.172,0.959,1.282,-4.089,6.165
0.151,-0.166,0.958,1.953,-3.540,5.249
0.162,-0.174,0.961,2.625,-2.686,4.578
0.165,-0.195,0.964,2.930,-2.380,4.272
0.161,-0.201,0.964,2.258,-2.258,3.967
0.160,-0.195,0.967,1.221,-1.831,3.235
0.165,-0.197,0.971,0.671,-1.099,2.258
0.165,-0.195,0.974,0.488,-0.854,1.343
0.166,-0.194,0.981,0.183,-0.671,0.427
0.159,-0.205,0.990,-0.122,-0.488,-0.244
0.150,-0.206,0.996,-0.793,-0.854,-0.549
0.151,-0.205,1.000,-1.465,-0.854,-1.038
0.155,-0.198,1.001,-1.831,-0.793,-1.282
0.153,-0.193,1.001,-1.587,-0.854,-1.221
0.151,-0.190,1.000,-0.854,-0.671,-0.916
0.151,-0.195,0.997,0.305,0.183,-0.244
0.154,-0.206,0.995,1.526,1.038,0.000
0.154,-0.221,0.992,1.648,1.831,-0.488
0.161,-0.230,0.989,0.610,2.502,-0.793
0.161,-0.228,0.985,-1.343,2.930,-0.854
0.160,-0.223,0.980,-2.808,3.296,-0.854
0.161,-0.217,0.976,-3.723,3.479,-1.038
0.165,-0.208,0.972,-3.967,3.418,-1.099
0.165,-0.196,0.967,-3.784,3.113,-1.099
0.169,-0.187,0.964,-3.113,2.991,-0.977
0.168,-0.190,0.960,-2.258,2.747,-0.427
0.167,-0.191,0.957,-1.465,2.563,0.305
0.169,-0.187,0.951,-1.343,2.747,0.854
0.177,-0.180,0.944,-1.099,2.869,0.916
0.181,-0.184,0.937,-0.854,3.113,0.671

-1.869,-0.451,1.176,19.043,-63.232,-49.683
-2.095,-0.499,1.291,26.428,-74.097,-86.426
-1.865,-0.662,1.369,27.527,-83.374,-110.413
-1.908,-0.735,1.407,21.912,-87.463,-108.521
-1.972,-0.937,1.415,13.672,-79.163,-81.970
-1.946,-1.021,1.385,1.160,-62.378,-58.411
-1.895,-0.958,1.318,-10.620,-40.466,-36.926
-1.829,-0.864,1.218,-14.648,-16.724,-12.512
-1.815,-0.750,1.112,-8.728,7.019,9.949
-1.761,-0.585,1.011,4.761,29.724,31.494
-1.648,-0.466,0.917,22.705,48.706,44.128
-1.548,-0.395,0.844,38.086,61.707,54.199
-1.487,-0.391,0.793,43.396,67.810,69.031
-1.424,-0.375,0.753,36.926,67.261,80.505
-1.359,-0.337,0.709,20.935,61.951,84.961
-1.304,-0.282,0.673,1.282,55.054,85.022
-1.223,-0.178,0.633,-16.785,50.415,82.886
-1.084,-0.039,0.599,-28.015,49.072,78.857
-0.914,0.082,0.585,-28.198,50.415,73.547
-0.728,0.136,0.589,-17.761,52.368,68.909
-0.558,0.088,0.588,-3.296,54.199,66.895
-0.404,-0.040,0.588,7.935,56.213,65.063
-0.250,-0.144,0.594,9.460,59.387,61.584
-0.103,-0.217,0.595,0.061,63.782,55.664
0.025,-0.219,0.594,-17.944,68.359,52.979
0.168,-0.118,0.602,-37.292,71.045,51.086
0.354,0.030,0.631,-50.049,70.374,44.800
0.558,0.138,0.670,-53.650,64.209,35.950
0.803,0.164,0.685,-50.110,51.941,25.879
0.984,0.208,0.687,-44.189,36.194,16.113
1.070,0.287,0.727,-35.339,20.569,6.653
1.143,0.350,0.779,-22.156,6.958,2.258
1.161,0.376,0.811,-5.920,-1.648,1.099
1.105,0.311,0.840,11.047,-5.615,-0.305
1.053,0.186,0.872,25.208,-5.127,-3.418
1.054,0.051,0.909,32.532,-1.770,-9.033
1.035,-0.046,0.949,31.250,0.732,-15.686
0.999,-0.079,0.990,24.658,1.770,-21.729
0.945,-0.081,1.032,17.090,1.831,-27.710
0.913,-0.082,1.064,12.024,2.319,-36.011
0.857,-0.118,1.090,9.460,2.930,-41.443
0.766,-0.180,1.118,7.568,4.456,-43.091
0.692,-0.227,1.133,5.310,6.226,-43.518
0.597,-0.257,1.132,3.418,9.033,-42.908
0.521,-0.278,1.126,3.052,13.611,-40.405
0.460,-0.311,1.117,4.211,19.531,-36.560
0.407,-0.327,1.102,5.188,26.611,-32.288
0.379,-0.347,1.090,5.493,33.752,-27.954
0.366,-0.375,1.082,4.578,39.795,-25.208
0.352,-0.384,1.072,1.587,44.434,-24.353
0.379,-0.456,1.052,-3.418,48.462,-21.606
0.387,-0.426,1.027,-11.230,50.110,-16.541
0.353,-0.325,1.011,-19.653,47.913,-10.681
0.327,-0.274,0.997,-25.024,43.640,-11.963
0.339,-0.216,0.977,-24.902,39.124,-17.822
0.370,-0.194,0.955,-20.081,33.691,-23.254
0.355,-0.192,0.952,-11.902,27.466,-24.902
0.354,-0.201,0.943,-3.235,23.987,-24.597
0.371,-0.237,0.940,4.272,20.142,-26.123
0.353,-0.255,0.936,8.545,16.052,-26.367
0.357,-0.274,0.931,10.132,12.268,-23.987
0.336,-0.266,0.928,9.460,7.385,-22.583
0.327,-0.266,0.926,8.240,3.235,-18.188
0.293,-0.293,0.922,6.287,0.244,-10.010
0.232,-0.337,0.916,4.028,-1.953,-12.634
0.293,-0.231,0.914,1.892,-2.686,-34.119
0.298,-0.264,0.910,0.549,-2.869,-17.151
0.219,-0.292,0.909,1.099,-3.540,-8.850
0.238,-0.287,0.908,0.854,-3.540,-10.132
0.236,-0.277,0.911,0.793,-3.479,-7.935
0.219,-0.272,0.912,1.587,-3.662,-1.892
0.210,-0.273,0.917,2.930,-4.700,3.052
0.201,-0.271,0.923,4.089,-6.104,7.568
0.191,-0.266,0.928,4.822,-8.118,10.742
0.176,-0.275,0.936,4.700,-10.010,12.329
0.169,-0.285,0.948,3.052,-10.925,13.611
0.152,-0.264,0.957,0.427,-11.353,13.062
0.151,-0.240,0.964,-2.014,-10.803,10.925
0.144,-0.227,0.968,-3.357,-10.010,8.789
0.142,-0.219,0.970,-3.662,-8.606,7.935
0.140,-0.220,0.970,-3.113,-7.141,7.141
0.136,-0.225,0.973,-1.709,-5.310,6.470
0.133,-0.245,0.978,-0.732,-3.784,6.165
0.137,-0.249,0.976,-0.305,-2.869,4.028
0.133,-0.240,0.973,-0.061,-1.831,3.113
0.131,-0.237,0.975,0.977,-1.465,1.953
0.134,-0.252,0.976,1.953,-1.038,0.366
0.134,-0.253,0.975,1.404,-0.977,-0.671
0.142,-0.248,0.969,0.671,-1.038,-1.221
0.155,-0.240,0.970,-0.061,-0.854,-1.587
0.156,-0.246,0.967,-1.160,-0.854,1.160
0.143,-0.241,0.967,-1.465,-0.671,-0.244
0.172,-0.236,0.966,-1.953,-0.244,-2.075
0.167,-0.238,0.965,-1.648,-0.366,-1.404
0.161,-0.237,0.969,-1.099,-0.671,-0.916
0.160,-0.233,0.973,-0.183,-0.793,-0.977
0.156,-0.230,0.977,0.793,-1.160,-0.916
0.147,-0.234,0.980,1.587,-1.709,-0.793
0.153,-0.248,0.978,2.014,-2.197,-0.732
0.153,-0.250,0.978,1.404,-2.258,-0.793
0.158,-0.242,0.973,0.427,-2.197,-1.099
0.166,-0.234,0.966,-0.244,-1.770,-1.282
0.172,-0.231,0.962,-0.610,-1.465,-1.343
0.171,-0.230,0.959,-0.732,-1.282,-1.343
0.173,-0.228,0.955,-0.977,-0.977,-1.282
0.168,-0.225,0.954,-0.671,-0.977,-1.160
0.165,-0.236,0.957,-0.366,-0.793,-1.038
0.166,-0.245,0.957,-0.366,-0.793,-0.916
0.163,-0.247,0.955,-0.854,-0.977,-0.793
0.163,-0.240,0.953,-1.343,-1.282,-0.488
0.164,-0.233,0.950,-1.587,-1.404,0.000
0.165,-0.228,0.951,-0.916,-1.526,0.244
0.166,-0.228,0.954,-0.061,-1.587,0.793
0.163,-0.233,0.952,0.366,-1.892,1.221
0.159,-0.237,0.952,-0.061,-1.892,1.526
0.159,-0.225,0.951,-0.732,-1.648,1.770
0.161,-0.214,0.950,-1.221,-1.282,1.648
0.166,-0.219,0.947,-0.671,-1.221,1.648
0.164,-0.224,0.946,-0.549,-1.282,1.831

1.221,-0.141,1.515,12.695,-36.865,30.334
1.454,-0.126,1.469,13.794,-37.048,33.813
1.598,-0.076,1.391,16.357,-33.020,42.664
1.679,-0.084,1.271,19.043,-24.536,51.941
1.723,-0.079,1.146,19.043,-11.169,53.833
1.715,-0.053,1.017,15.503,5.371,49.011
1.685,-0.030,0.888,7.629,23.437,40.527
1.637,0.009,0.785,-4.395,36.499,28.870
1.569,0.084,0.680,-20.386,40.100,13.977
1.469,0.091,0.575,-39.124,33.081,-2.136
1.288,0.105,0.486,-60.181,16.541,-16.541
1.060,0.129,0.403,-79.773,-5.371,-26.184
0.758,0.179,0.353,-91.614,-30.273,-28.198
0.402,0.199,0.337,-86.792,-54.199,-22.827
0.045,0.114,0.331,-63.721,-72.021,-15.381
-0.309,-0.059,0.365,-29.419,-78.064,-23.315
-0.599,-0.195,0.395,-0.854,-72.449,-9.705
-1.030,-0.300,0.434,24.475,-61.035,16.113
-1.409,-0.426,0.482,51.270,-45.898,9.216
-1.681,-0.555,0.533,66.650,-26.672,-7.935
-1.900,-0.705,0.619,64.209,-8.240,-17.395
-2.196,-0.744,0.746,47.424,1.831,-21.362
-2.206,-1.005,0.899,29.297,1.831,-31.860
-2.296,-0.810,1.035,14.038,-9.705,-68.542
-2.280,-0.712,1.094,2.563,-25.452,-58.838
-2.183,-0.814,1.122,3.479,-36.499,-32.471
-2.099,-0.864,1.129,6.470,-36.682,-18.494
-1.980,-0.891,1.126,4.822,-27.283,-17.456
-1.939,-0.768,1.131,0.061,-11.536,-26.855
-1.816,-0.679,1.124,-8.057,5.188,-19.348
-1.751,-0.653,1.116,-16.113,20.325,-8.179
-1.599,-0.321,1.050,-22.461,31.189,-3.723
-1.556,-0.325,0.937,-26.794,36.499,20.447
-1.526,-0.239,0.897,-16.602,43.457,0.061
-1.290,-0.198,0.860,-9.155,41.199,-12.024
-1.215,-0.238,0.854,-6.287,33.508,6.165
-1.364,-0.330,0.849,-7.202,25.879,25.085
-1.241,-0.300,0.870,-11.719,24.780,30.579
-1.117,-0.195,0.910,-17.578,26.550,29.053
-1.034,0.054,0.931,-20.142,31.250,31.067
-0.799,0.212,0.923,-14.526,35.339,35.095
-0.588,0.273,0.902,-1.099,36.438,31.616
-0.377,0.233,0.866,13.550,35.278,26.245
-0.177,0.113,0.845,24.231,31.067,25.574
-0.054,-0.029,0.838,28.442,25.635,29.541
-0.033,-0.144,0.833,26.733,20.447,29.846
-0.069,-0.224,0.815,19.958,18.860,26.123
0.195,-0.308,0.796,14.465,23.865,21.790
0.251,-0.488,0.772,6.958,26.855,-8.667
0.326,-0.373,0.751,-9.766,28.809,-33.264
0.467,-0.243,0.743,-20.935,32.410,-22.705
0.557,-0.149,0.754,-19.043,33.325,-10.132
0.642,-0.027,0.788,-8.667,29.602,-5.005
0.724,-0.051,0.840,6.042,22.339,-2.197
0.731,-0.105,0.871,15.198,14.587,11.169
0.715,-0.107,0.923,14.771,8.789,29.907
0.721,-0.127,0.960,10.010,4.700,48.279
0.769,-0.109,1.000,6.042,0.427,56.763
0.817,-0.078,1.029,5.249,-5.493,54.382
0.838,-0.090,1.055,6.836,-12.817,45.776
0.884,-0.132,1.076,6.958,-18.127,35.400
0.854,-0.147,1.092,0.488,-21.912,28.015
0.811,-0.117,1.115,-9.644,-23.865,22.461
0.769,-0.047,1.123,-19.165,-23.743,21.240
0.690,0.031,1.122,-23.499,-21.057,20.752
0.586,0.065,1.121,-20.874,-16.296,21.790
0.529,0.034,1.120,-14.038,-11.902,23.315
0.451,0.017,1.118,-8.362,-9.155,24.841
0.411,0.038,1.116,-4.028,-7.751,26.001
0.378,0.048,1.120,0.366,-7.141,23.987
0.329,-0.001,1.126,2.930,-7.690,22.644
0.292,-0.058,1.121,1.953,-8.850,20.081
0.254,-0.083,1.100,-3.052,-10.071,14.709
0.227,-0.077,1.072,-8.789,-9.521,7.446
0.201,-0.052,1.051,-12.024,-6.165,-0.854
0.168,-0.051,1.038,-13.367,-0.916,-5.676
0.151,-0.055,1.028,-12.329,5.005,-7.812
0.118,-0.077,1.023,-10.071,9.705,-8.789
0.113,-0.111,1.018,-6.470,12.268,-11.047
0.118,-0.152,1.005,-3.662,11.597,-10.437
0.118,-0.198,0.992,-1.221,8.972,-10.437
0.144,-0.220,0.979,-0.183,4.883,-10.620
0.132,-0.244,0.980,0.366,-0.305,-6.653
0.097,-0.263,0.992,1.343,-5.554,-2.625
0.083,-0.288,1.007,2.625,-10.437,-2.502
0.061,-0.309,1.021,2.808,-14.221,-3.296
0.024,-0.318,1.028,0.854,-15.808,-3.906
0.002,-0.323,1.028,-2.380,-15.137,-4.822
-0.016,-0.270,1.026,-5.493,-13.794,-4.333
-0.043,-0.226,1.026,-6.287,-11.414,-4.028
-0.057,-0.198,1.027,-4.150,-7.874,-3.113
-0.069,-0.186,1.020,-1.099,-3.235,-1.587
-0.058,-0.169,1.012,2.380,1.221,-1.343
-0.048,-0.169,1.001,5.859,5.798,-1.343
-0.039,-0.190,0.992,8.179,9.094,-1.404
-0.020,-0.219,0.981,8.301,11.230,-1.953
-0.001,-0.219,0.967,6.348,11.597,-3.357
0.012,-0.210,0.953,4.517,10.925,-5.005
0.025,-0.199,0.945,3.723,10.498,-6.226
0.033,-0.190,0.945,4.089,10.742,-6.531
0.033,-0.191,0.947,5.371,11.536,-6.226
0.039,-0.199,0.947,7.446,13.062,-5.798
0.059,-0.207,0.943,9.338,14.343,-5.371
0.074,-0.219,0.941,10.742,15.015,-4.639
0.088,-0.226,0.939,11.230,14.832,-3.906
0.093,-0.229,0.942,11.169,13.855,-3.235
0.101,-0.232,0.947,10.925,12.024,-2.441
0.097,-0.247,0.955,10.620,8.911,-1.709
0.086,-0.259,0.963,9.766,5.371,-1.343
0.069,-0.272,0.973,8.423,2.380,-1.343
0.048,-0.274,0.978,5.920,1.038,-1.404
0.035,-0.268,0.979,3.174,1.038,-2.258
0.032,-0.251,0.974,0.854,2.075,-2.869
0.023,-0.237,0.972,0.122,3.601,-2.258
0.011,-0.236,0.974,0.549,4.944,-1.709
0.011,-0.236,0.974,1.282,6.165,-1.648
0.008,-0.221,0.975,1.343,6.470,-1.526
0.008,-0.205,0.974,1.038,5.920,-1.465
0.015,-0.203,0.966,0.854,5.066,-1.404

1.283,-0.237,1.106,-16.602,-45.166,4.761
1.323,-0.231,1.169,-15.198,-55.298,11.719
1.333,-0.254,1.220,-14.587,-64.819,20.020
1.302,-0.281,1.258,-16.052,-71.899,29.114
1.262,-0.277,1.270,-20.508,-74.829,37.109
1.212,-0.251,1.246,-26.917,-72.083,42.908
1.143,-0.229,1.207,-32.654,-63.354,46.509
1.078,-0.202,1.163,-37.048,-49.866,46.509
0.999,-0.153,1.108,-41.199,-33.203,42.175
0.911,-0.123,1.063,-44.922,-16.052,33.997
0.835,-0.120,1.006,-49.805,-0.854,24.231
0.765,-0.101,0.947,-57.739,10.315,14.404
0.706,-0.055,0.880,-67.749,16.602,4.028
0.639,-0.005,0.797,-78.247,16.907,-5.371
0.538,0.082,0.722,-86.243,12.024,-12.512
0.444,0.153,0.650,-89.111,3.113,-16.174
0.324,0.188,0.577,-88.684,-6.042,-12.268
0.119,0.229,0.524,-85.571,-11.841,-2.441
-0.130,0.200,0.493,-75.562,-12.329,-1.953
-0.338,0.394,0.481,-57.495,-9.216,-16.907
-0.559,0.470,0.474,-31.311,-5.615,0.793
-0.854,0.456,0.479,9.033,-2.258,6.104
-1.137,0.342,0.506,56.091,1.648,4.578
-1.365,0.147,0.566,97.046,3.113,6.897
-1.589,-0.087,0.638,122.437,-0.488,14.343
-1.842,-0.291,0.712,130.371,-8.850,27.710
-2.084,-0.424,0.803,126.404,-20.508,39.368
-2.380,-0.499,0.907,119.141,-30.762,37.354
-2.120,-0.937,0.996,112.305,-36.255,9.155
-2.166,-1.001,1.029,96.313,-37.964,-72.937
-2.008,-0.881,1.025,63.049,-37.415,-110.657
-1.815,-1.013,1.002,30.640,-34.485,-109.985
-1.738,-1.095,0.979,-1.404,-31.006,-106.323
-1.647,-1.063,0.958,-34.729,-25.024,-93.933
-1.496,-0.706,0.908,-61.523,-20.325,-60.730
-1.637,-0.678,0.855,-68.481,-10.681,-15.076
-1.535,-0.605,0.835,-50.354,4.822,-16.235
-1.309,-0.194,0.829,-25.940,17.700,-22.766
-1.245,-0.225,0.800,2.625,26.550,13.123
-1.385,-0.246,0.821,36.255,36.560,26.062
-1.197,-0.308,0.861,61.218,41.504,31.189
-1.087,-0.286,0.889,71.716,38.269,31.128
-1.060,-0.350,0.903,71.350,32.959,42.969
-1.004,-0.431,0.885,60.730,25.635,49.194
-0.942,-0.460,0.859,41.321,19.714,47.180
-0.847,-0.432,0.833,17.700,17.029,41.382
-0.704,-0.361,0.798,-5.005,15.503,35.645
-0.570,-0.255,0.794,-22.339,12.573,28.809
-0.395,-0.133,0.793,-31.677,11.963,25.452
-0.217,-0.102,0.783,-33.264,11.536,22.583
-0.112,-0.105,0.786,-28.564,9.216,19.958
-0.027,-0.105,0.787,-20.142,5.676,15.381
0.060,-0.130,0.804,-9.949,2.258,6.104
0.127,-0.163,0.825,-1.526,-1.160,1.343
0.184,-0.165,0.846,3.906,-4.944,-4.333
0.296,-0.149,0.866,8.179,-8.667,-10.925
0.412,-0.122,0.917,11.169,-11.536,-9.644
0.430,-0.125,0.982,13.611,-16.968,-9.277
0.448,-0.054,1.031,15.503,-25.208,-5.249
0.425,-0.075,1.091,19.104,-34.668,8.240
0.364,-0.142,1.134,23.499,-43.213,12.939
0.295,-0.221,1.176,24.353,-49.866,9.460
0.238,-0.216,1.203,19.653,-53.101,6.775
0.185,-0.172,1.236,14.221,-50.537,1.282
0.140,-0.182,1.273,11.353,-44.250,-7.874
0.030,-0.295,1.305,9.338,-34.485,-13.611
-0.026,-0.341,1.318,4.944,-21.362,-20.508
0.038,-0.369,1.313,-1.770,-6.775,-32.654
0.070,-0.263,1.285,-10.620,2.991,-34.729
0.058,-0.193,1.246,-14.587,14.099,-29.297
0.132,-0.164,1.191,-11.047,28.564,-26.855
0.164,-0.195,1.147,-3.967,41.260,-24.658
0.127,-0.260,1.129,2.991,51.575,-21.790
0.186,-0.288,1.108,7.324,59.875,-20.447
0.259,-0.303,1.082,8.667,64.941,-22.644
0.311,-0.277,1.057,7.385,66.589,-22.095
0.312,-0.237,1.033,5.310,67.139,-19.897
0.322,-0.195,1.007,4.333,67.322,-15.259
0.348,-0.174,0.982,5.066,66.895,-11.047
0.360,-0.202,0.956,6.653,65.613,-8.423
0.365,-0.221,0.928,6.836,63.354,-7.080
0.367,-0.237,0.916,6.165,60.913,-8.850
0.388,-0.282,0.912,4.150,57.983,-11.780
0.415,-0.269,0.916,-0.916,53.894,-13.428
0.410,-0.242,0.924,-7.324,49.561,-13.428
0.393,-0.214,0.935,-11.658,45.898,-11.902
0.374,-0.202,0.948,-14.099,43.579,-10.010
0.355,-0.189,0.959,-15.442,42.725,-8.606
0.337,-0.187,0.968,-16.296,42.786,-6.714
0.333,-0.176,0.977,-17.029,43.213,-5.310
0.341,-0.157,0.980,-17.212,42.664,-2.991
0.333,-0.127,0.980,-16.357,40.710,-1.221
0.325,-0.098,0.982,-13.733,37.781,-0.671
0.314,-0.102,0.981,-9.094,33.386,0.427
0.306,-0.113,0.983,-4.089,28.198,1.526
0.294,-0.134,0.976,-0.488,22.217,0.977
0.281,-0.150,0.972,1.648,15.503,-0.427
0.223,-0.179,0.976,3.479,9.216,-1.038
0.177,-0.207,0.974,4.822,6.592,-1.221
0.173,-0.224,0.972,4.944,5.920,-1.892
0.160,-0.242,0.968,4.150,5.432,-5.188
0.140,-0.256,0.963,2.441,4.761,-9.521
0.133,-0.258,0.954,0.488,4.333,-12.573
0.130,-0.250,0.946,-0.610,4.822,-14.587
0.141,-0.256,0.942,-1.282,5.310,-15.076
0.147,-0.245,0.938,-2.075,5.615,-12.695
0.136,-0.258,0.938,-2.686,5.127,-8.240
0.100,-0.289,0.930,-3.540,4.028,-6.470
0.087,-0.260,0.930,-3.540,3.784,-20.386
0.122,-0.229,0.937,-3.296,3.601,-23.499
0.105,-0.260,0.942,-2.991,2.808,-11.780
0.058,-0.273,0.946,-2.197,1.526,-5.859
0.068,-0.259,0.943,-2.136,1.221,-5.066
0.077,-0.233,0.943,-1.892,1.343,-2.258
0.073,-0.222,0.950,-0.671,1.587,2.563
0.066,-0.230,0.959,0.916,1.038,8.911
0.046,-0.242,0.964,1.770,0.549,14.526
0.042,-0.246,0.964,2.075,0.732,15.991
0.053,-0.233,0.960,1.648,1.526,14.709

-1.887,-0.483,0.849,106.812,9.521,7.507
-1.950,-0.667,0.952,103.149,1.648,-7.385
-1.934,-0.819,1.057,93.445,-11.108,-16.174
-1.818,-1.017,1.105,78.674,-27.466,-31.616
-1.852,-1.157,1.116,59.082,-42.725,-58.716
-1.476,-1.282,1.129,34.241,-59.875,-105.896
-1.389,-1.031,1.092,-5.188,-78.491,-117.676
-1.356,-0.981,1.029,-40.283,-90.759,-93.872
-1.373,-0.777,0.942,-69.031,-105.652,-41.565
-1.544,-0.702,0.876,-80.139,-106.934,-12.573
-1.593,-0.519,0.812,-82.031,-103.027,-17.151
-1.489,-0.408,0.766,-76.355,-96.008,-8.606
-1.559,-0.306,0.724,-66.284,-85.693,6.836
-1.625,-0.200,0.694,-53.467,-67.444,24.719
-1.604,-0.142,0.679,-40.771,-47.852,37.170
-1.612,-0.113,0.677,-30.762,-29.297,42.908
-1.592,-0.089,0.691,-22.217,-11.658,51.208
-1.560,-0.027,0.691,-15.320,4.395,49.927
-1.419,0.049,0.694,-10.010,19.592,51.636
-1.240,0.103,0.708,-5.432,31.128,54.993
-1.084,0.145,0.711,-2.869,37.476,57.739
-0.942,0.166,0.714,0.244,40.039,57.251
-0.809,0.118,0.719,3.174,40.161,56.641
-0.650,-0.024,0.722,2.502,41.138,51.758
-0.428,-0.030,0.738,-4.761,38.513,53.955
-0.295,-0.096,0.765,-14.038,34.180,68.909
-0.235,-0.098,0.803,-20.752,33.936,63.293
-0.146,0.005,0.834,-23.865,36.133,50.110
-0.018,0.016,0.858,-21.545,37.903,35.400
0.079,-0.036,0.886,-17.395,41.016,29.236
0.154,-0.052,0.902,-15.442,42.725,43.701
0.150,-0.046,0.915,-15.076,42.358,41.260
0.101,-0.026,0.929,-13.062,46.143,25.635
0.224,-0.054,0.915,-7.385,55.481,10.803
0.319,-0.135,0.947,-3.967,55.725,-26.672
0.422,-0.098,0.950,-3.479,61.890,-33.386
0.515,-0.022,0.954,-2.319,66.589,-20.264
0.522,-0.015,0.963,2.563,65.552,-10.193
0.509,-0.049,0.985,7.690,59.204,-11.841
0.499,-0.075,0.999,10.010,52.856,-17.700
0.533,-0.076,1.000,11.292,48.950,-20.996
0.557,-0.084,0.997,12.756,45.349,-22.949
0.574,-0.115,1.001,14.832,42.297,-25.696
0.549,-0.171,1.026,16.541,38.147,-28.198
0.548,-0.226,1.050,16.357,33.081,-29.907
0.609,-0.245,1.053,14.099,29.907,-33.691
0.627,-0.254,1.035,10.193,29.053,-39.612
0.650,-0.206,1.014,5.798,29.785,-43.091
0.603,-0.151,1.016,3.845,30.334,-43.213
0.567,-0.089,1.030,5.615,32.104,-42.236
0.541,-0.072,1.054,10.315,34.119,-39.368
0.514,-0.094,1.073,16.174,35.828,-36.926
0.480,-0.139,1.091,20.203,36.316,-33.508
0.447,-0.163,1.110,21.851,35.156,-30.640
0.411,-0.186,1.122,21.729,33.936,-28.198
0.381,-0.203,1.123,20.203,33.386,-26.245
0.359,-0.214,1.115,17.578,33.691,-25.085
0.342,-0.216,1.108,13.306,34.546,-24.231
0.324,-0.196,1.100,8.972,35.522,-24.475
0.339,-0.169,1.087,5.798,37.537,-24.719
0.340,-0.171,1.081,3.601,38.818,-25.208
0.320,-0.171,1.073,1.831,39.368,-24.353
0.296,-0.177,1.068,0.671,38.574,-22.278
0.274,-0.185,1.060,-0.183,37.659,-20.874
0.267,-0.187,1.047,-0.671,36.987,-20.325
0.268,-0.206,1.028,-0.549,35.522,-21.545
0.280,-0.229,1.010,0.000,33.081,-22.949
0.272,-0.247,1.001,0.000,29.053,-23.621
0.255,-0.255,0.995,0.183,23.743,-22.827
0.219,-0.265,0.993,1.160,18.127,-20.874
0.190,-0.277,0.989,1.770,13.733,-19.409
0.171,-0.299,0.985,1.953,10.315,-19.531
0.135,-0.322,0.991,1.892,7.568,-21.667
0.098,-0.310,0.984,0.793,8.423,-22.156
0.099,-0.301,0.976,0.427,10.559,-22.705
0.114,-0.298,0.972,0.732,11.719,-23.499
0.122,-0.288,0.965,0.977,11.230,-21.240
0.087,-0.289,0.970,1.770,8.301,-22.339
0.083,-0.270,0.966,1.953,6.714,-22.705
0.097,-0.261,0.961,2.441,5.676,-14.160
0.089,-0.248,0.956,3.662,4.456,-9.216
0.085,-0.246,0.953,4.944,3.174,-4.150
0.086,-0.242,0.945,5.981,2.380,2.197
0.094,-0.223,0.935,7.019,2.319,9.583
0.094,-0.219,0.925,8.423,1.648,16.357
0.084,-0.233,0.920,10.437,1.160,21.484
0.083,-0.258,0.920,11.536,0.916,24.719
0.091,-0.258,0.917,10.803,0.671,26.672
0.099,-0.240,0.915,9.216,0.305,27.832
0.101,-0.225,0.914,7.690,-0.366,27.710
0.107,-0.208,0.913,6.226,-1.038,26.123
0.112,-0.193,0.913,5.432,-1.160,24.231
0.108,-0.193,0.915,5.005,-1.282,22.705
0.100,-0.196,0.919,5.005,-1.587,21.606
0.093,-0.196,0.929,5.127,-1.709,21.729
0.083,-0.190,0.937,5.859,-1.831,20.447
0.030,-0.191,0.963,7.080,-2.808,16.541
0.094,-0.154,0.945,9.766,0.183,18.372
0.051,-0.251,0.963,11.902,-1.587,-5.371
0.108,-0.267,0.969,11.536,-5.981,-21.729
0.128,-0.247,0.973,10.193,-7.996,-5.493
0.074,-0.222,0.976,9.155,-10.132,11.780
0.017,-0.229,0.986,8.911,-10.559,14.648
0.013,-0.261,0.991,8.118,-9.216,3.784
0.045,-0.286,0.990,6.165,-7.996,-6.287
0.070,-0.283,0.987,3.967,-7.935,-6.958
0.061,-0.263,0.985,2.197,-8.362,-2.014
0.040,-0.255,0.986,1.343,-8.362,0.671
0.035,-0.254,0.988,1.404,-7.141,-0.793
0.054,-0.251,0.985,1.770,-5.981,-3.113
0.065,-0.245,0.977,2.563,-5.615,-3.479
0.065,-0.246,0.970,3.784,-5.432,-1.831
0.063,-0.244,0.964,5.127,-4.883,0.000
0.069,-0.234,0.957,6.226,-3.845,1.221
0.081,-0.239,0.951,7.324,-2.686,1.343
0.092,-0.257,0.951,8.179,-2.686,1.709
0.095,-0.266,0.955,8.545,-3.540,2.502
0.095,-0.272,0.961,8.240,-4.578,2.808
0.090,-0.262,0.971,7.629,-5.981,2.686

-1.558,-0.582,0.981,43.091,21.667,9.705
-1.470,-0.548,1.004,10.925,24.353,5.310
-1.388,-0.488,1.019,-17.273,22.888,-0.183
-1.458,-0.632,1.026,-37.292,18.799,-37.048
-1.519,-0.392,1.029,-59.814,14.343,-62.134
-1.521,-0.372,1.024,-78.857,10.254,-42.725
-1.530,-0.407,1.030,-87.341,8.789,-33.691
-1.487,-0.328,1.022,-93.201,8.118,-34.729
-1.430,-0.197,1.006,-96.985,8.606,-26.672
-1.374,-0.071,0.983,-93.384,12.512,-12.695
-1.333,-0.000,0.958,-81.360,18.311,3.113
-1.345,0.023,0.923,-62.866,26.062,16.479
-1.270,-0.003,0.898,-42.297,35.034,23.682
-1.171,-0.012,0.860,-25.146,43.396,26.062
-1.134,0.025,0.834,-13.062,50.842,31.799
-1.011,0.026,0.797,-4.822,54.321,58.533
-1.064,-0.069,0.781,4.700,57.129,57.678
-0.952,0.015,0.771,9.949,56.030,43.030
-0.828,0.066,0.765,12.024,52.246,39.612
-0.804,0.097,0.783,15.564,47.791,43.396
-0.713,0.157,0.791,19.958,41.748,54.749
-0.651,0.136,0.805,27.832,33.997,53.284
-0.576,0.162,0.815,36.865,25.757,44.128
-0.464,0.167,0.814,43.823,18.494,47.974
-0.389,0.031,0.800,48.340,13.977,58.411
-0.296,-0.057,0.789,47.791,13.245,56.458
-0.147,-0.076,0.785,42.725,14.282,46.265
0.023,-0.068,0.778,36.377,15.015,40.039
0.150,-0.039,0.781,31.006,13.611,38.635
0.248,-0.029,0.796,28.442,10.437,33.508
0.299,-0.023,0.810,26.733,6.958,25.391
0.376,-0.059,0.838,24.597,3.418,12.573
0.426,-0.028,0.878,19.226,-1.587,-2.197
0.403,0.013,0.899,11.414,-6.531,1.587
0.433,0.014,0.922,5.920,-12.024,3.601
0.511,0.046,0.946,2.808,-16.357,-4.089
0.563,0.063,0.975,0.610,-20.264,-11.108
0.570,0.064,1.001,-0.183,-24.719,-14.771
0.567,0.057,1.026,-0.427,-28.625,-19.714
0.578,0.059,1.047,-0.366,-30.090,-26.794
0.584,0.069,1.067,-0.671,-28.564,-32.959
0.561,0.054,1.085,-1.404,-26.123,-34.729
0.536,0.072,1.094,-1.587,-22.461,-35.583
0.511,0.060,1.099,-1.404,-17.273,-37.231
0.491,0.055,1.097,-1.038,-10.132,-40.283
0.491,0.072,1.089,-1.099,-3.113,-39.673
0.460,0.079,1.083,0.244,2.808,-37.598
0.434,0.069,1.086,3.845,8.911,-35.522
0.399,0.065,1.091,8.118,15.259,-34.119
0.386,0.054,1.091,12.939,20.996,-33.264
0.387,0.039,1.087,16.907,24.109,-30.762
0.364,0.001,1.085,19.714,25.391,-28.687
0.346,-0.051,1.073,20.081,25.818,-27.527
0.343,-0.081,1.067,16.541,25.024,-27.100
0.314,-0.087,1.063,10.254,23.437,-27.771
0.264,-0.096,1.063,3.601,20.752,-28.748
0.234,-0.110,1.060,-2.808,18.127,-30.090
0.228,-0.116,1.058,-9.216,16.357,-32.532
0.214,-0.097,1.052,-15.869,14.526,-36.255
0.203,-0.074,1.046,-20.142,12.451,-40.222
0.214,-0.080,1.036,-22.156,10.315,-42.542
0.201,-0.058,1.037,-23.315,8.362,-43.396
0.179,-0.005,1.019,-23.132,7.263,-43.762
0.158,0.034,1.010,-18.677,8.057,-44.373
0.120,0.023,1.008,-11.414,9.216,-43.884
0.094,-0.073,1.007,-4.578,12.146,-44.250
0.234,0.059,0.999,-0.366,14.587,-35.767
0.084,-0.077,1.001,5.188,15.686,-15.930
0.056,-0.116,1.000,10.193,19.165,-26.428
0.154,-0.128,0.991,10.254,22.522,-35.400
0.133,-0.146,0.987,7.935,23.071,-32.471
0.121,-0.132,0.980,5.188,22.583,-25.696
0.131,-0.137,0.973,2.686,20.691,-20.386
0.135,-0.119,0.965,0.732,18.005,-17.578
0.128,-0.107,0.960,-0.549,15.564,-16.235
0.131,-0.095,0.964,-0.732,13.062,-15.686
0.140,-0.071,0.963,-1.038,10.132,-10.437
0.129,-0.072,0.964,-0.244,7.690,-3.723
0.144,-0.073,0.960,0.488,5.920,0.183
0.142,-0.060,0.959,1.038,4.211,1.648
0.139,-0.057,0.958,1.709,3.540,3.479
0.146,-0.061,0.958,2.075,3.357,5.554
0.137,-0.055,0.960,1.770,3.357,6.165
0.119,-0.049,0.962,1.465,3.601,6.165
0.120,-0.046,0.964,1.160,3.845,5.676
0.121,-0.047,0.971,0.854,3.662,4.578
0.118,-0.058,0.981,0.244,2.625,3.296
0.113,-0.053,0.988,-0.366,1.160,2.075
0.109,-0.051,0.990,-0.671,-1.160,0.427
0.105,-0.059,0.992,-0.183,-3.662,-0.732
0.101,-0.070,0.997,-0.183,-5.737,-1.099
0.090,-0.067,1.001,-0.916,-7.385,-1.038
0.078,-0.060,1.007,-1.343,-8.118,-1.221
0.065,-0.061,1.015,-1.343,-8.179,-1.343
0.065,-0.058,1.023,-0.977,-7.446,-1.282
0.066,-0.046,1.029,-0.488,-6.714,-1.221
0.054,-0.031,1.030,0.366,-5.371,-1.343
0.044,-0.043,1.032,1.953,-3.845,-1.953
0.051,-0.056,1.033,3.174,-2.136,-2.502
0.063,-0.061,1.027,3.418,0.000,-2.747
0.070,-0.056,1.021,3.235,1.709,-2.869
0.075,-0.049,1.016,3.235,2.808,-2.991
0.081,-0.047,1.015,3.723,3.601,-3.052
0.080,-0.053,1.014,4.150,3.479,-3.052
0.082,-0.064,1.014,4.089,2.930,-2.808
0.081,-0.065,1.013,3.357,2.075,-3.296
0.078,-0.060,1.008,2.380,1.465,-3.845
0.080,-0.051,1.001,1.892,1.160,-4.211
0.083,-0.041,0.997,2.136,1.038,-4.211
0.082,-0.045,0.993,2.991,1.221,-3.967
0.077,-0.060,0.991,3.662,1.404,-3.784
0.084,-0.071,0.987,3.174,1.770,-3.662
0.084,-0.071,0.986,1.770,2.319,-3.967
0.079,-0.068,0.988,0.549,2.625,-4.028
0.079,-0.058,0.988,-0.427,2.563,-3.845
0.083,-0.056,0.987,-0.549,2.441,-4.028
0.084,-0.056,0.985,0.183,1.831,-3.906
0.077,-0.064,0.987,0.854,1.038,-3.540
0.072,-0.072,0.989,1.831,0.244,-3.113

-1.525,-0.343,0.958,9.033,-41.626,-35.950
-1.528,-0.516,1.007,1.221,-52.673,-52.124
-1.620,-0.445,1.067,-16.479,-57.861,-56.152
-1.580,-0.483,1.118,-32.898,-58.655,-34.485
-1.562,-0.439,1.157,-44.373,-55.664,-19.897
-1.556,-0.313,1.175,-49.805,-49.988,-9.460
-1.541,-0.205,1.174,-47.485,-41.077,2.502
-1.505,-0.114,1.152,-37.048,-28.564,14.099
-1.464,-0.055,1.119,-21.423,-12.817,24.292
-1.418,-0.022,1.079,-4.150,4.761,35.522
-1.349,-0.002,1.035,12.451,23.437,46.570
-1.250,0.026,1.000,28.320,40.283,53.833
-1.194,0.022,0.967,42.542,53.162,59.937
-1.115,-0.026,0.949,53.772,61.829,63.538
-0.975,0.038,0.929,59.570,64.270,71.228
-0.948,-0.079,0.923,61.829,62.622,76.599
-0.893,-0.073,0.913,59.387,58.167,64.392
-0.801,-0.045,0.904,52.185,51.880,59.875
-0.726,-0.041,0.893,44.250,44.678,63.660
-0.655,-0.033,0.874,37.415,37.720,64.453
-0.537,-0.021,0.856,31.860,32.043,61.340
-0.397,0.019,0.836,26.917,28.198,61.218
-0.284,-0.005,0.821,22.461,26.489,63.110
-0.196,0.011,0.800,17.761,26.428,59.387
-0.091,0.056,0.779,14.221,27.161,53.162
-0.001,0.061,0.780,14.099,27.405,47.424
0.045,0.049,0.790,16.602,25.696,39.612
0.165,0.023,0.802,19.470,21.606,20.996
0.253,0.079,0.809,18.860,14.893,12.573
0.267,0.008,0.821,17.883,7.507,17.517
0.302,-0.034,0.832,15.930,0.793,11.475
0.360,-0.036,0.851,10.681,-4.761,0.183
0.378,-0.074,0.886,3.662,-10.132,-7.263
0.381,-0.053,0.903,-5.798,-14.709,-12.634
0.402,0.002,0.932,-12.878,-17.395,-21.606
0.402,0.020,0.971,-16.785,-19.287,-29.846
0.408,0.023,0.998,-19.958,-20.081,-33.203
0.405,0.039,1.019,-21.545,-19.714,-35.461
0.389,0.034,1.036,-20.142,-18.372,-38.940
0.409,0.026,1.036,-17.334,-15.442,-41.138
0.400,0.002,1.031,-13.977,-10.742,-41.748
0.402,-0.018,1.019,-10.742,-4.395,-40.955
0.394,-0.006,1.004,-7.141,3.235,-41.931
0.405,0.001,0.992,-2.197,11.963,-41.504
0.392,-0.002,0.983,3.418,20.569,-39.124
0.382,-0.010,0.994,9.155,28.320,-36.499
0.380,-0.056,1.010,14.099,34.119,-34.851
0.375,-0.108,1.029,15.320,37.720,-32.593
0.352,-0.131,1.040,11.963,39.001,-30.579
0.352,-0.110,1.037,6.104,39.490,-30.701
0.349,-0.090,1.026,0.488,39.124,-32.715
0.341,-0.068,1.020,-3.967,38.879,-34.546
0.323,-0.050,1.017,-7.141,39.124,-35.461
0.322,-0.026,1.013,-8.667,39.856,-35.950
0.306,-0.022,1.019,-8.118,40.527,-36.377
0.289,-0.035,1.029,-6.409,40.771,-35.034
0.283,-0.042,1.033,-5.066,40.466,-33.142
0.289,-0.038,1.030,-3.174,39.490,-31.738
0.296,-0.037,1.020,-1.038,37.781,-30.396
0.304,-0.036,1.001,1.221,35.889,-29.358
0.307,-0.042,0.985,3.967,33.936,-29.175
0.295,-0.056,0.981,6.836,32.104,-28.992
0.312,-0.069,0.979,9.155,30.090,-27.527
0.302,-0.143,0.978,10.803,28.259,-28.931
0.343,-0.076,0.993,10.742,25.452,-39.368
0.325,-0.115,0.991,7.324,18.921,-10.864
0.138,-0.193,0.992,8.301,15.076,-11.597
0.257,-0.129,0.988,8.789,13.367,-32.898
0.290,-0.147,0.982,8.057,11.047,-40.710
0.249,-0.112,0.980,7.629,9.216,-40.039
0.264,-0.123,0.982,6.409,7.690,-27.832
0.233,-0.135,0.990,6.042,5.615,-23.254
0.229,-0.121,0.999,5.676,3.967,-23.926
0.222,-0.099,1.007,5.981,2.136,-21.118
0.206,-0.100,1.011,7.080,0.854,-13.794
0.203,-0.109,1.013,8.850,-0.183,-6.470
0.204,-0.121,1.012,9.827,-0.610,-1.648
0.199,-0.130,1.010,10.071,-0.549,2.930
0.194,-0.145,1.008,9.216,0.061,7.141
0.184,-0.146,1.008,7.751,0.305,9.094
0.169,-0.137,1.009,5.859,0.183,9.399
0.162,-0.120,1.007,4.883,-0.244,8.728
0.164,-0.121,1.004,4.517,-0.488,7.446
0.160,-0.120,1.001,4.333,-0.916,6.409
0.158,-0.110,0.994,3.906,-1.282,5.859
0.160,-0.097,0.990,4.028,-1.831,4.517
0.158,-0.091,0.986,4.700,-2.686,2.747
0.159,-0.103,0.981,5.737,-3.357,1.038
0.158,-0.125,0.981,6.226,-4.028,-0.244
0.142,-0.151,0.982,5.310,-4.639,-0.916
0.124,-0.184,0.985,2.441,-5.249,-0.977
0.115,-0.193,0.983,-1.526,-5.249,-0.916
0.107,-0.177,0.982,-5.737,-4.272,-1.282
0.102,-0.168,0.979,-8.423,-2.869,-1.648
0.101,-0.158,0.979,-9.766,-1.160,-1.648
0.099,-0.152,0.988,-10.803,0.610,-1.221
0.094,-0.133,0.992,-11.475,1.465,-0.305
0.088,-0.108,0.994,-10.498,1.892,0.610
0.093,-0.094,0.997,-8.484,2.197,0.854
0.093,-0.078,0.998,-5.554,2.197,1.892
0.090,-0.081,0.997,-2.197,1.770,3.113
0.092,-0.099,0.996,0.854,1.465,4.089
0.092,-0.122,0.996,2.747,1.343,5.249
0.091,-0.137,0.994,2.686,1.343,6.042
0.084,-0.141,0.997,1.404,1.282,6.470
0.083,-0.135,0.998,-0.122,1.343,6.409
0.082,-0.117,1.000,-1.099,1.465,5.737
0.084,-0.101,1.001,-1.465,1.709,4.883
0.086,-0.094,1.005,-1.160,1.587,4.578
0.083,-0.090,1.005,-0.610,1.770,4.333
0.084,-0.088,1.006,0.305,2.136,3.601
0.089,-0.095,1.002,1.343,2.869,2.869
0.090,-0.096,1.001,2.075,4.089,2.563
0.096,-0.094,1.000,2.686,5.493,2.136
0.102,-0.099,0.998,3.479,6.592,1.770
0.103,-0.106,0.995,3.662,7.324,1.892
0.104,-0.117,0.994,3.357,7.507,1.709
0.108,-0.115,0.998,2.380,7.202,1.221
0.106,-0.101,1.000,1.526,6.104,0.366

-1.432,-0.267,0.958,6.470,12.451,-92.957
-1.416,-0.238,1.001,1.648,7.690,-75.073
-1.422,-0.255,1.039,1.770,0.854,-54.688
-1.374,-0.262,1.054,3.479,-7.568,-35.400
-1.391,-0.294,1.070,7.751,-14.465,-31.982
-1.351,-0.262,1.073,12.146,-18.311,-30.762
-1.428,-0.313,1.057,17.212,-18.616,-20.752
-1.161,-0.399,1.039,22.705,-15.320,-27.100
-1.214,-0.251,1.023,21.179,-9.094,-21.362
-1.112,-0.242,1.011,20.630,-1.160,6.592
-1.175,-0.215,0.983,19.714,5.859,39.185
-1.212,-0.385,0.971,23.499,17.090,31.494
-1.039,-0.109,0.956,21.118,25.085,11.108
-0.981,-0.123,0.940,16.174,32.166,33.081
-1.017,-0.218,0.923,12.573,38.452,51.392
-0.997,-0.176,0.912,3.540,43.579,53.589
-0.944,-0.202,0.900,-7.935,46.936,53.772
-0.905,-0.088,0.907,-19.165,48.767,55.847
-0.841,-0.118,0.906,-27.344,47.058,56.763
-0.795,0.034,0.911,-31.616,43.335,53.406
-0.731,0.125,0.918,-30.579,38.330,59.509
-0.683,0.196,0.921,-21.545,32.654,62.195
-0.634,0.220,0.926,-7.935,27.527,60.669
-0.581,0.190,0.929,6.287,23.621,61.279
-0.528,0.098,0.922,18.066,20.874,64.514
-0.484,-0.007,0.909,23.926,19.592,67.627
-0.405,-0.065,0.890,22.827,19.714,67.322
-0.302,-0.103,0.868,16.418,21.484,63.049
-0.213,-0.112,0.858,6.836,23.254,60.608
-0.183,-0.158,0.858,-4.211,24.658,58.899
-0.170,-0.161,0.859,-14.954,25.635,52.795
-0.126,-0.122,0.858,-23.804,26.245,45.349
-0.064,-0.046,0.871,-27.954,25.391,39.001
0.002,0.019,0.891,-26.855,23.010,35.156
0.056,0.061,0.908,-21.667,19.348,33.813
0.122,0.061,0.921,-14.099,14.893,32.715
0.187,0.009,0.929,-6.104,10.498,31.067
0.206,-0.041,0.933,-0.977,7.202,28.931
0.275,-0.114,0.934,0.366,6.775,20.935
0.273,-0.113,0.933,-3.296,4.944,11.780
0.264,-0.099,0.939,-8.484,6.042,9.155
0.296,-0.078,0.960,-12.634,9.277,4.456
0.316,-0.046,0.989,-15.076,11.047,-1.038
0.309,-0.048,1.011,-16.541,10.437,-5.188
0.318,-0.044,1.021,-18.188,10.193,-7.996
0.350,-0.012,1.014,-20.386,10.254,-10.071
0.367,0.042,0.998,-21.484,10.681,-12.268
0.362,0.074,0.978,-19.836,12.817,-14.954
0.354,0.098,0.965,-15.625,17.151,-18.188
0.353,0.094,0.954,-10.742,23.193,-18.982
0.358,0.085,0.950,-5.676,29.175,-19.470
0.396,0.078,0.953,-1.038,34.546,-21.912
0.422,0.079,0.965,2.258,37.781,-24.292
0.413,0.078,0.981,4.272,38.025,-25.452
0.434,0.094,0.982,5.554,36.987,-25.696
0.453,0.102,0.979,6.958,35.278,-26.489
0.453,0.099,0.977,8.484,33.081,-27.466
0.446,0.073,0.979,9.705,30.762,-29.541
0.447,0.036,0.985,10.071,29.297,-32.410
0.455,0.013,0.986,8.911,28.198,-35.339
0.459,-0.014,0.985,7.141,26.794,-39.185
0.471,-0.041,0.982,5.066,25.635,-42.847
0.479,-0.052,0.974,2.258,24.902,-45.959
0.467,-0.060,0.965,-0.366,24.597,-47.852
0.467,-0.051,0.956,-2.319,24.292,-48.462
0.483,-0.039,0.945,-2.747,23.682,-49.133
0.471,-0.058,0.940,-1.526,22.583,-51.147
0.440,-0.090,0.941,0.244,21.545,-52.246
0.442,-0.109,0.949,1.160,20.386,-52.429
0.394,-0.090,0.960,1.221,18.005,-51.819
0.327,-0.249,0.976,1.343,16.296,-58.472
0.562,-0.047,0.974,-1.892,9.705,-48.950
0.281,-0.165,0.983,-1.160,3.174,-19.836
0.222,-0.149,0.982,3.357,3.052,-32.837
0.370,-0.149,0.979,5.554,4.333,-44.312
0.290,-0.159,0.984,7.446,4.272,-46.997
0.277,-0.142,0.983,8.057,5.371,-37.964
0.254,-0.192,0.982,7.874,7.446,-23.804
0.233,-0.208,0.983,7.446,9.338,-24.719
0.246,-0.191,0.985,5.249,10.986,-26.367
0.243,-0.178,0.982,3.174,11.963,-21.301
0.226,-0.172,0.980,1.587,12.268,-12.939
0.223,-0.166,0.976,0.610,12.329,-6.714
0.228,-0.153,0.969,0.610,11.902,-2.686
0.231,-0.144,0.964,1.770,11.169,0.000
0.228,-0.150,0.961,3.540,10.132,2.258
0.220,-0.169,0.962,5.310,8.606,3.967
0.220,-0.191,0.963,6.226,6.836,5.005
0.220,-0.203,0.963,6.042,4.883,5.371
0.212,-0.205,0.966,5.066,3.479,5.432
0.208,-0.208,0.967,4.395,2.563,5.554
0.204,-0.208,0.967,3.479,1.770,6.042
0.193,-0.200,0.971,2.686,1.648,6.653
0.182,-0.188,0.976,2.014,1.648,6.958
0.177,-0.187,0.977,1.404,1.343,7.629
0.172,-0.178,0.979,0.671,0.977,8.423
0.169,-0.159,0.979,-0.305,0.122,8.606
0.166,-0.149,0.980,-0.732,-0.977,8.850
0.154,-0.137,0.987,-1.038,-2.258,9.521
0.138,-0.128,0.995,-1.282,-3.296,10.193
0.133,-0.116,0.998,-1.282,-3.662,10.132
0.128,-0.095,0.997,-1.404,-3.784,9.888
0.124,-0.075,0.994,-1.038,-3.479,9.766
0.120,-0.061,0.989,0.305,-3.113,10.010
0.114,-0.055,0.985,2.319,-2.258,10.132
0.109,-0.063,0.981,4.211,-1.404,10.254
0.114,-0.071,0.981,4.944,-0.854,10.071
0.108,-0.075,0.983,5.310,-0.671,9.277
0.103,-0.080,0.987,5.127,-1.038,8.484
0.104,-0.091,0.989,4.578,-1.831,7.202
0.099,-0.100,0.992,3.601,-3.113,5.859
0.093,-0.097,0.994,2.563,-4.272,4.333
0.102,-0.083,0.996,1.892,-5.310,2.930
0.112,-0.065,0.994,2.441,-5.859,2.197
0.118,-0.064,0.993,3.967,-6.104,2.625
0.123,-0.060,0.995,5.981,-6.287,3.540
0.131,-0.068,0.997,8.057,-6.104,3.967
0.132,-0.085,1.001,9.583,-5.737,4.517
0.134,-0.112,1.008,10.010,-5.981,4.944

-1.419,-0.448,0.997,34.912,-35.828,-7.446
-1.492,-0.600,1.054,31.982,-33.630,-19.775
-1.533,-0.592,1.096,15.137,-32.288,-20.935
-1.516,-0.583,1.106,-5.920,-29.541,-7.324
-1.483,-0.505,1.081,-23.865,-23.376,-0.488
-1.438,-0.337,1.025,-35.706,-13.794,-0.916
-1.370,-0.174,0.963,-36.255,-1.892,2.686
-1.345,-0.143,0.924,-26.611,11.719,11.963
-1.326,-0.195,0.878,-15.442,25.391,33.203
-1.381,-0.286,0.854,-5.493,38.025,38.025
-1.300,-0.282,0.826,-1.160,48.279,35.278
-1.235,-0.269,0.811,-1.465,55.481,26.489
-1.162,-0.100,0.786,-5.371,58.105,31.799
-1.113,-0.150,0.758,-6.592,57.434,48.462
-1.086,-0.050,0.740,-4.700,54.810,50.903
-1.046,-0.001,0.731,-1.404,52.185,61.646
-0.960,0.054,0.715,6.042,50.293,74.829
-0.842,0.073,0.704,15.259,48.828,80.383
-0.742,0.046,0.707,23.254,47.913,81.787
-0.666,0.004,0.712,26.733,48.645,82.703
-0.587,-0.022,0.708,24.170,50.781,83.496
-0.503,-0.023,0.701,18.127,52.673,81.116
-0.394,-0.034,0.710,12.085,53.711,75.317
-0.249,-0.008,0.715,6.836,54.382,67.322
-0.088,0.032,0.718,2.625,54.443,58.167
0.022,0.061,0.733,-0.793,53.223,49.500
0.067,0.083,0.765,-3.235,52.063,42.358
0.092,0.162,0.798,-4.272,51.147,36.072
0.172,0.118,0.823,-1.282,49.988,23.193
0.219,0.135,0.854,0.732,47.363,3.296
0.272,0.092,0.882,-0.122,46.143,1.709
0.347,0.053,0.895,-1.831,44.922,2.441
0.456,0.057,0.901,-3.723,42.114,-5.127
0.537,0.090,0.915,-3.174,37.537,-18.616
0.602,0.129,0.935,0.061,32.837,-26.611
0.643,0.142,0.951,5.554,28.992,-26.917
0.662,0.126,0.969,12.573,26.062,-27.100
0.663,0.050,0.984,18.799,24.170,-30.334
0.662,-0.010,0.999,20.874,23.560,-34.546
0.653,-0.048,1.003,18.066,23.987,-37.170
0.632,-0.030,1.010,13.672,25.269,-41.443
0.616,-0.013,1.020,10.742,26.550,-45.898
0.626,-0.011,1.028,10.376,28.076,-49.683
0.614,-0.013,1.043,11.047,29.053,-51.147
0.582,-0.027,1.054,11.658,28.870,-49.377
0.578,-0.049,1.056,12.146,27.771,-47.119
0.548,-0.075,1.054,11.719,26.001,-46.082
0.501,-0.115,1.057,10.376,23.865,-44.800
0.479,-0.139,1.056,7.263,22.095,-44.128
0.460,-0.162,1.055,3.113,21.240,-43.884
0.415,-0.169,1.058,-1.587,20.569,-43.640
0.378,-0.156,1.062,-5.066,20.691,-43.457
0.349,-0.163,1.071,-6.409,20.813,-44.067
0.319,-0.179,1.081,-7.019,20.691,-43.579
0.304,-0.188,1.085,-7.751,20.142,-41.687
0.286,-0.195,1.079,-8.606,18.616,-37.903
0.273,-0.195,1.068,-8.911,17.090,-33.508
0.269,-0.185,1.055,-8.118,15.503,-29.358
0.268,-0.151,1.041,-6.287,14.038,-24.536
0.266,-0.126,1.030,-3.113,11.841,-19.470
0.238,-0.139,1.029,1.892,8.606,-14.709
0.196,-0.178,1.035,6.165,5.737,-11.047
0.172,-0.203,1.044,7.690,3.601,-9.277
0.155,-0.215,1.044,6.775,2.625,-9.399
0.145,-0.219,1.043,4.700,1.770,-9.521
0.134,-0.222,1.040,2.075,0.671,-9.155
0.130,-0.213,1.031,-0.427,0.183,-8.362
0.111,-0.203,1.024,-2.075,0.122,-8.545
0.102,-0.199,1.014,-2.502,0.977,-10.071
0.103,-0.213,1.004,-1.770,1.953,-11.475
0.093,-0.220,0.999,-1.648,2.441,-11.414
0.105,-0.204,0.993,-1.648,2.930,-13.123
0.103,-0.179,0.989,-1.343,2.930,-11.414
0.093,-0.169,0.987,0.000,2.808,-8.911
0.099,-0.160,0.987,2.136,2.380,-6.714
0.101,-0.156,0.989,3.723,1.770,-3.723
0.091,-0.156,0.990,4.761,0.916,-0.671
0.087,-0.171,0.989,4.822,0.183,3.052
0.070,-0.184,0.989,3.723,-0.305,6.897
0.062,-0.184,0.990,1.587,-0.610,9.216
0.068,-0.166,0.990,-0.732,-0.977,11.169
0.061,-0.161,0.991,-2.197,-1.343,14.587
0.056,-0.146,0.991,-2.869,-1.404,16.052
0.059,-0.130,0.993,-2.869,-1.221,15.381
0.054,-0.113,0.998,-1.587,-0.854,14.709
0.053,-0.111,1.000,0.122,-0.244,14.160
0.057,-0.107,0.999,2.319,0.549,13.672
0.058,-0.110,0.998,4.089,1.099,12.634
0.062,-0.121,0.994,5.066,1.526,10.986
0.070,-0.132,0.988,5.310,1.953,9.399
0.078,-0.135,0.980,4.761,2.319,7.874
0.082,-0.136,0.975,3.479,2.380,6.531
0.091,-0.138,0.972,1.892,2.014,5.310
0.093,-0.130,0.971,0.000,1.648,4.150
0.092,-0.118,0.968,-1.160,1.038,3.235
0.093,-0.107,0.966,-1.099,0.061,2.441
0.071,-0.082,0.966,0.183,-0.977,2.502
0.092,-0.134,0.964,3.296,-0.854,4.944
0.074,-0.143,0.969,5.371,-1.953,-12.451
0.127,-0.117,0.970,4.150,-2.808,-11.658
0.075,-0.149,0.974,2.625,-3.174,0.977
0.046,-0.153,0.975,1.526,-2.258,4.883
0.062,-0.154,0.981,1.160,-1.343,-1.953
0.073,-0.165,0.985,0.916,-0.793,-6.958
0.065,-0.181,0.985,-1.221,-0.610,-4.883
0.055,-0.173,0.986,-3.784,-0.793,-2.869
0.060,-0.160,0.989,-5.493,-0.854,-4.211
0.066,-0.147,0.992,-5.615,-1.221,-6.348
0.065,-0.136,0.993,-4.883,-1.831,-6.042
0.057,-0.129,0.998,-3.235,-2.441,-3.662
0.055,-0.132,1.000,-0.916,-2.747,-1.709
0.056,-0.138,0.998,1.038,-2.563,-0.671
0.054,-0.148,0.998,3.113,-1.892,0.732
0.047,-0.166,0.999,4.211,-1.343,2.258
0.040,-0.173,1.000,4.150,-0.793,3.235
0.038,-0.166,1.001,2.991,0.000,2.808
0.041,-0.157,1.001,2.014,0.610,2.075
0.040,-0.147,1.000,0.977,1.099,2.136
0.043,-0.143,1.000,0.488,1.587,2.075

-1.588,-0.352,1.052,26.672,-58.105,-70.190
-1.622,-0.476,1.131,21.851,-52.124,-68.237
-1.601,-0.675,1.204,10.132,-47.729,-54.932
-1.559,-0.765,1.242,-7.751,-45.715,-48.767
-1.554,-0.654,1.234,-29.541,-43.945,-45.593
-1.551,-0.470,1.191,-45.593,-36.987,-31.555
-1.559,-0.280,1.117,-47.668,-22.644,-12.878
-1.537,-0.075,1.034,-32.715,-1.282,5.127
-1.455,0.116,0.948,-3.906,24.780,22.217
-1.352,0.194,0.879,34.119,51.514,37.659
-1.271,0.163,0.847,72.937,73.608,53.101
-1.185,0.067,0.834,102.478,86.609,72.449
-1.179,-0.125,0.853,118.286,90.698,81.238
-1.128,-0.216,0.880,116.028,87.830,81.848
-1.074,-0.268,0.890,98.572,79.285,82.947
-1.034,-0.295,0.891,73.364,67.932,83.191
-1.000,-0.293,0.885,45.227,57.617,78.979
-0.922,-0.247,0.872,17.761,52.246,71.167
-0.798,-0.130,0.868,-5.676,52.612,63.599
-0.667,-0.034,0.854,-20.874,55.725,56.763
-0.523,0.006,0.833,-27.222,59.387,51.208
-0.359,-0.001,0.803,-27.588,62.683,45.227
-0.168,-0.005,0.760,-24.902,64.819,39.490
0.033,-0.012,0.730,-20.020,64.087,36.194
0.183,-0.018,0.720,-14.160,60.181,33.936
0.272,0.016,0.721,-8.179,54.321,31.738
0.334,0.066,0.736,-1.099,47.241,29.236
0.377,0.094,0.754,6.897,39.795,26.367
0.388,0.061,0.771,15.015,33.020,23.926
0.400,-0.032,0.783,20.447,26.855,19.836
0.406,-0.138,0.802,20.203,21.484,13.245
0.444,-0.240,0.817,12.634,17.090,5.615
0.551,-0.227,0.815,-0.183,13.855,-1.160
0.629,-0.157,0.810,-12.024,9.888,-9.460
0.649,-0.078,0.826,-16.602,6.775,-19.409
0.664,-0.117,0.845,-14.954,5.493,-30.212
0.697,-0.058,0.862,-12.451,3.540,-40.100
0.656,-0.048,0.891,-8.850,2.563,-37.048
0.617,-0.093,0.921,-2.136,2.502,-31.494
0.631,-0.145,0.935,3.784,2.930,-30.823
0.633,-0.166,0.942,6.897,3.479,-35.217
0.628,-0.141,0.951,8.240,4.150,-36.072
0.608,-0.117,0.957,9.216,4.578,-32.166
0.623,-0.072,0.956,12.146,5.432,-29.968
0.640,-0.056,0.951,17.639,6.287,-28.198
0.635,-0.042,0.951,23.560,6.958,-26.306
0.620,-0.036,0.950,28.381,7.812,-23.987
0.592,-0.061,0.950,31.677,9.338,-22.034
0.546,-0.106,0.961,32.043,11.230,-21.362
0.513,-0.142,0.971,28.687,12.817,-22.034
0.497,-0.186,0.979,22.156,13.489,-24.780
0.465,-0.213,0.990,13.428,13.062,-28.198
0.427,-0.208,1.006,4.333,11.414,-31.677
0.395,-0.192,1.030,-2.747,8.911,-34.607
0.355,-0.184,1.052,-7.202,5.981,-36.499
0.319,-0.189,1.070,-8.972,3.296,-36.377
0.272,-0.212,1.086,-8.301,1.221,-34.241
0.229,-0.239,1.093,-6.226,-0.061,-30.945
0.188,-0.283,1.098,-3.479,-0.732,-28.137
0.150,-0.325,1.104,-1.709,-0.244,-25.146
0.120,-0.365,1.108,-1.221,1.099,-21.851
0.100,-0.379,1.112,-1.404,1.953,-18.616
0.073,-0.377,1.113,-1.831,2.930,-16.235
0.070,-0.369,1.107,-1.282,4.517,-15.198
0.070,-0.366,1.098,0.122,6.042,-13.000
0.064,-0.354,1.087,1.648,6.958,-11.353
0.072,-0.342,1.074,3.235,7.019,-10.498
0.066,-0.327,1.059,4.761,6.653,-8.667
0.062,-0.310,1.048,6.348,6.531,-6.592
0.063,-0.303,1.035,8.179,6.042,-3.845
0.052,-0.297,1.023,9.277,6.165,-2.197
0.062,-0.293,1.008,9.338,6.226,-1.221
0.057,-0.275,1.001,9.399,6.531,-4.089
0.074,-0.272,0.994,8.606,6.775,0.732
0.057,-0.267,0.987,7.446,5.981,4.822
0.062,-0.254,0.982,5.554,4.822,5.554
0.056,-0.221,0.975,3.662,3.662,7.141
0.047,-0.205,0.974,2.502,2.686,9.521
0.044,-0.206,0.972,2.380,2.014,11.963
0.035,-0.207,0.969,1.770,1.465,14.221
0.041,-0.210,0.969,0.916,1.404,15.198
0.032,-0.201,0.969,-0.305,0.916,15.198
0.025,-0.192,0.970,-0.732,0.366,15.198
0.031,-0.202,0.968,-0.793,0.305,14.526
0.033,-0.213,0.970,-1.343,0.244,13.367
0.023,-0.207,0.970,-2.258,0.305,11.963
0.017,-0.207,0.970,-2.808,0.427,10.376
0.023,-0.207,0.974,-3.357,0.854,8.850
0.022,-0.195,0.976,-4.028,1.282,7.446
0.020,-0.197,0.979,-3.967,1.648,6.592
0.023,-0.211,0.980,-3.540,1.770,5.981
0.024,-0.215,0.977,-3.723,1.526,5.432
0.021,-0.176,0.974,-3.540,0.854,3.906
0.028,-0.242,0.975,-1.831,0.671,0.061
0.041,-0.192,0.976,-1.038,-0.305,-12.207
0.060,-0.177,0.977,-1.343,-0.793,-6.958
0.023,-0.199,0.980,-0.549,-0.793,3.296
0.021,-0.229,0.984,1.221,-0.488,3.601
0.043,-0.224,0.989,2.136,-0.366,-2.930
0.053,-0.225,0.989,2.075,-0.916,-4.333
0.043,-0.238,0.986,1.282,-1.709,-1.282
0.039,-0.239,0.982,0.244,-2.136,-0.671
0.046,-0.224,0.979,-0.183,-1.465,-1.648
0.047,-0.210,0.975,-0.122,0.183,-1.770
0.047,-0.200,0.974,0.854,1.953,-0.427
0.055,-0.201,0.974,2.563,3.662,0.854
0.055,-0.215,0.977,3.906,4.883,1.221
0.058,-0.221,0.975,3.845,5.310,1.465
0.056,-0.240,0.974,3.296,5.127,1.587
0.059,-0.250,0.973,1.709,4.700,1.343
0.063,-0.250,0.969,-0.061,3.479,-0.122
0.067,-0.236,0.966,-1.526,2.136,-1.160
0.068,-0.231,0.966,-2.502,1.221,-1.221
0.062,-0.239,0.967,-2.686,0.732,-0.732
0.062,-0.230,0.967,-2.686,0.732,-0.122
0.074,-0.216,0.965,-2.563,1.282,0.183
0.080,-0.198,0.963,-1.770,1.526,1.099
0.082,-0.195,0.964,-0.549,1.221,2.563
0.074,-0.209,0.969,1.038,0.488,3.967

-1.434,0.269,1.070,40.710,-13.916,-56.030
-1.467,0.131,1.117,37.170,-21.912,-23.010
-1.655,0.003,1.160,36.621,-33.508,-0.366
-1.789,-0.172,1.206,38.574,-45.898,-5.127
-1.801,-0.351,1.229,41.016,-56.335,-26.245
-1.735,-0.474,1.236,40.222,-62.134,-46.631
-1.677,-0.591,1.230,33.020,-64.575,-53.772
-1.544,-0.585,1.221,23.987,-61.279,-42.969
-1.613,-0.762,1.178,19.226,-52.368,-53.650
-1.623,-0.502,1.127,13.489,-38.818,-48.767
-1.599,-0.536,1.077,12.817,-21.057,-11.780
-1.598,-0.492,1.045,18.982,-0.977,11.658
-1.547,-0.414,1.013,23.254,17.273,25.513
-1.510,-0.314,0.982,24.414,31.555,40.466
-1.513,-0.243,0.937,25.085,40.710,51.270
-1.503,-0.135,0.874,25.391,46.936,57.739
-1.450,-0.108,0.791,24.353,52.795,64.087
-1.396,-0.002,0.725,24.658,59.448,55.359
-1.265,0.151,0.668,26.123,65.552,50.537
-1.113,0.184,0.639,29.236,69.214,52.063
-0.967,0.130,0.624,30.762,70.740,53.589
-0.847,0.030,0.616,25.146,71.838,54.199
-0.732,-0.036,0.604,11.230,72.815,52.429
-0.559,-0.047,0.594,-6.897,73.486,46.448
-0.344,0.021,0.583,-23.437,71.594,37.842
-0.129,0.057,0.589,-34.302,67.078,31.067
0.085,0.051,0.597,-38.147,60.547,25.940
0.281,0.053,0.595,-38.452,53.406,21.606
0.402,0.061,0.624,-36.926,46.692,16.968
0.443,0.071,0.672,-32.898,39.673,13.367
0.467,0.094,0.709,-28.137,34.363,11.536
0.490,0.137,0.735,-22.278,31.616,8.667
0.532,0.178,0.768,-15.137,31.006,3.540
0.636,0.168,0.820,-6.958,29.907,-1.465
0.799,0.137,0.875,1.587,24.414,-6.348
0.970,0.081,0.914,7.874,12.878,-12.146
1.059,0.026,0.948,10.437,-2.258,-16.113
1.041,-0.001,0.984,9.094,-18.311,-17.639
0.949,0.042,1.018,6.226,-32.288,-19.409
0.871,0.081,1.066,4.822,-40.771,-22.156
0.787,0.090,1.100,5.493,-43.274,-24.780
0.695,0.101,1.126,7.812,-41.626,-25.452
0.624,0.102,1.147,12.146,-36.499,-25.391
0.564,-0.005,1.163,18.555,-28.381,-26.672
0.510,-0.088,1.164,21.973,-19.287,-34.058
0.444,-0.123,1.162,19.897,-9.338,-35.400
0.417,-0.134,1.152,16.785,1.648,-29.663
0.380,-0.163,1.137,14.648,12.695,-27.527
0.385,-0.125,1.118,12.512,22.705,-27.466
0.381,-0.059,1.093,13.184,30.334,-25.513
0.379,-0.017,1.069,18.127,35.461,-21.301
0.355,-0.047,1.048,25.452,38.330,-15.320
0.339,-0.107,1.035,32.349,39.124,-16.907
0.360,-0.151,1.026,33.997,38.147,-18.555
0.347,-0.207,1.025,30.334,35.522,-14.771
0.316,-0.247,1.025,23.193,31.860,-9.888
0.297,-0.254,1.026,14.587,27.649,-8.301
0.265,-0.241,1.032,6.958,23.315,-11.414
0.252,-0.211,1.039,1.282,19.958,-13.916
0.245,-0.180,1.048,-2.075,18.066,-11.841
0.212,-0.143,1.049,-2.319,16.479,-5.920
0.191,-0.099,1.046,0.000,13.733,-1.404
0.182,-0.125,1.048,4.150,10.254,-1.404
0.174,-0.148,1.042,8.179,7.935,-2.319
0.185,-0.152,1.029,10.620,6.348,-3.052
0.164,-0.153,1.021,12.634,5.005,-3.967
0.161,-0.174,1.006,13.428,6.836,-4.150
0.177,-0.179,0.997,12.695,8.789,-4.944
0.156,-0.180,0.988,11.108,9.399,-6.104
0.141,-0.175,0.983,9.949,8.972,-8.789
0.128,-0.183,0.979,9.338,8.179,-11.902
0.119,-0.199,0.981,8.301,6.348,-13.672
0.100,-0.212,0.978,6.775,4.639,-13.184
0.085,-0.217,0.972,5.310,2.441,-13.794
0.077,-0.187,0.971,4.944,1.587,-18.005
0.095,-0.186,0.965,5.371,2.014,-13.428
0.077,-0.184,0.961,6.287,2.502,-9.094
0.080,-0.178,0.958,7.141,3.296,-5.798
0.094,-0.172,0.955,7.874,3.662,-2.441
0.106,-0.165,0.952,8.301,3.723,1.160
0.116,-0.158,0.954,7.996,3.113,5.859
0.116,-0.152,0.950,8.057,2.014,10.620
0.115,-0.138,0.951,7.874,0.854,14.221
0.106,-0.135,0.955,7.996,-0.488,16.479
0.078,-0.162,0.966,7.935,-1.770,17.334
0.068,-0.170,0.973,6.653,-3.113,16.724
0.071,-0.166,0.976,4.395,-3.906,13.794
0.073,-0.162,0.979,2.502,-4.333,10.437
0.069,-0.155,0.981,0.610,-4.517,8.362
0.061,-0.145,0.984,-0.183,-4.211,6.836
0.066,-0.151,0.985,0.305,-3.479,5.188
0.078,-0.171,0.987,1.160,-2.686,4.211
0.086,-0.193,0.992,1.465,-2.258,3.723
0.094,-0.201,0.997,0.977,-2.136,3.723
0.099,-0.186,1.000,-0.793,-2.625,3.967
0.091,-0.158,1.005,-2.136,-3.357,5.127
0.076,-0.141,1.009,-1.831,-3.967,6.897
0.068,-0.125,1.015,-0.427,-4.761,8.728
0.072,-0.115,1.015,1.892,-5.432,10.193
0.079,-0.108,1.014,4.211,-5.981,11.475
0.049,-0.100,1.013,6.775,-6.165,13.306
0.076,-0.110,1.006,10.559,-5.005,17.517
0.034,-0.168,1.009,14.465,-4.578,5.676
0.105,-0.126,1.001,14.526,-4.333,0.122
0.065,-0.168,1.000,13.794,-3.723,8.972
0.030,-0.204,0.997,12.024,-2.563,12.817
0.047,-0.216,0.997,8.301,-0.977,6.470
0.053,-0.203,0.993,4.089,0.000,-0.854
0.055,-0.192,0.990,-0.549,0.244,-2.991
0.055,-0.170,0.985,-4.272,0.793,-2.869
0.056,-0.145,0.983,-5.859,0.854,-3.418
0.061,-0.127,0.981,-5.493,0.610,-4.456
0.065,-0.114,0.982,-3.784,0.183,-4.395
0.060,-0.109,0.983,-1.648,0.000,-2.808
0.050,-0.116,0.986,0.854,-0.122,-1.099
0.049,-0.139,0.987,3.113,0.244,-0.183
0.050,-0.158,0.987,4.395,0.671,0.122
0.049,-0.166,0.982,4.150,0.916,-0.183
0.046,-0.172,0.980,2.991,1.221,-0.793

